firstname,lastname,password,screenname,gender,age,email,photo,region
Elodie,Christiaens,Christiaens94~$,Elodie197,female,25,elodie94@example.com,https://uinames.com/api/photos/female/20.jpg,Belgium
Johana,Cardona,Cardona94=*,Johana426,female,25,johana94@example.com,https://uinames.com/api/photos/female/16.jpg,Colombia
Clarisa,Vădineanu,Vădineanu85&@,Clarisa162,female,34,clarisa85@example.com,https://uinames.com/api/photos/female/1.jpg,Romania
Jorja,Dowling,Dowling87$,Jorja826,female,32,jorja-87@example.com,https://uinames.com/api/photos/female/18.jpg,New Zealand
Ιωάννα,Δυοβουνιώτης,Δυοβουνιώτης87}#,Ιωάννα865,female,32,Ιωάννα-87@example.com,https://uinames.com/api/photos/female/14.jpg,Greece
Μαρία,Νικολάκος,Νικολάκος96*{,Μαρία903,female,23,Μαρία96@example.com,https://uinames.com/api/photos/female/7.jpg,Greece
Jale,Güngör,Güngör93}!,Jale134,female,26,jale_93@example.com,https://uinames.com/api/photos/female/25.jpg,Turkey
Dragana,Koroman,Koroman87+!,Dragana192,female,32,dragana-87@example.com,https://uinames.com/api/photos/female/6.jpg,Bosnia and Herzegovina
Flavia,Cupșa,Cupșa84#~,Flavia151,female,35,flavia84@example.com,https://uinames.com/api/photos/female/18.jpg,Romania
Shairgul,Bekzatov,Bekzatov93=},Shairgul432,female,26,shairgul93@example.com,https://uinames.com/api/photos/female/14.jpg,Kyrgyz Republic
Nikola,Krížik,Krížik85$_,Nikola111,female,34,nikola_85@example.com,https://uinames.com/api/photos/female/14.jpg,Slovakia
Dina,Păunescu,Păunescu84%(,Dina652,female,35,dina-84@example.com,https://uinames.com/api/photos/female/15.jpg,Romania
Fehérvári,Diána,Diána85!,Fehérvári893,female,34,fehérvári-85@example.com,https://uinames.com/api/photos/female/13.jpg,Hungary
Milota,Moravec,Moravec92)=,Milota548,female,27,milota-92@example.com,https://uinames.com/api/photos/female/4.jpg,Slovakia
Estera,Vojtko,Vojtko96&!,Estera591,female,23,estera96@example.com,https://uinames.com/api/photos/female/17.jpg,Slovakia
Kanti,Phuyal,Phuyal92#*,Kanti976,female,27,kantiphuyal@example.com,https://uinames.com/api/photos/female/21.jpg,Nepal
Helena,Kolesár,Kolesár88#(,Helena701,female,31,helena_88@example.com,https://uinames.com/api/photos/female/21.jpg,Slovakia
Danielle,Skilton,Skilton87{,Danielle272,female,32,danielle_87@example.com,https://uinames.com/api/photos/female/22.jpg,New Zealand
Felicity Boucher,,90!,Felicity Boucher617,female,29,felicity boucher90@example.com,https://uinames.com/api/photos/female/2.jpg,Canada
Drahoslava,Krajči,Krajči87*{,Drahoslava102,female,32,drahoslava87@example.com,https://uinames.com/api/photos/female/14.jpg,Slovakia
Lavinia,Pinto,Pinto84^),Lavinia585,female,35,lavinia_84@example.com,https://uinames.com/api/photos/female/10.jpg,Brazil
Karen,Peters,Peters84^},Karen183,female,35,karenpeters@example.com,https://uinames.com/api/photos/female/6.jpg,United States
Ileana,Tudorache,Tudorache85#^,Ileana143,female,34,ileana_85@example.com,https://uinames.com/api/photos/female/26.jpg,Romania
Filippa,Thomsen,Thomsen84&+,Filippa861,female,35,filippa84@example.com,https://uinames.com/api/photos/female/24.jpg,Denmark
Marta,Burada,Burada97},Marta109,female,22,martaburada@example.com,https://uinames.com/api/photos/female/8.jpg,Romania
Geta,Pițurcă,Pițurcă92=^,Geta530,female,27,geta_92@example.com,https://uinames.com/api/photos/female/24.jpg,Romania
Laura,Michalko,Michalko94^=,Laura400,female,25,laura94@example.com,https://uinames.com/api/photos/female/20.jpg,Slovakia
Holly,Parry,Parry94=_,Holly790,female,25,holly_parry@example.com,https://uinames.com/api/photos/female/10.jpg,New Zealand
Fabiana,Niculescu,Niculescu95~},Fabiana559,female,24,fabiana95@example.com,https://uinames.com/api/photos/female/24.jpg,Romania
谢,英,英85~),谢673,female,34,谢-英@example.com,https://uinames.com/api/photos/female/1.jpg,China
Регина,Черемновa,Черемновa93=!,Регина293,female,26,Регина93@example.com,https://uinames.com/api/photos/female/7.jpg,Russia
Σοφία,Ζαΐμης,Ζαΐμης93^$,Σοφία870,female,26,Σοφία93@example.com,https://uinames.com/api/photos/female/12.jpg,Greece
Mina,Pantha,Pantha87!_,Mina227,female,32,mina.pantha@example.com,https://uinames.com/api/photos/female/12.jpg,Nepal
Світлана,Зощенко,Зощенко91{_,Світлана729,female,28,Світлана-91@example.com,https://uinames.com/api/photos/female/5.jpg,Ukraine
Catherine,Vargas,Vargas93++,Catherine258,female,26,catherine_93@example.com,https://uinames.com/api/photos/female/21.jpg,United States
Λουΐζα,Κοντόσταυλος,Κοντόσταυλος97@@,Λουΐζα960,female,22,Λουΐζα-97@example.com,https://uinames.com/api/photos/female/21.jpg,Greece
Romina,Lup,Lup94)),Romina891,female,25,romina.lup@example.com,https://uinames.com/api/photos/female/21.jpg,Romania
Дарья,Ротару,Ротару97%!,Дарья646,female,22,Дарья-97@example.com,https://uinames.com/api/photos/female/13.jpg,Russia
Nasyukat,Aitbekov,Aitbekov84#@,Nasyukat784,female,35,nasyukat84@example.com,https://uinames.com/api/photos/female/24.jpg,Kyrgyz Republic
Anna,Danielsen,Danielsen88#_,Anna695,female,31,anna_88@example.com,https://uinames.com/api/photos/female/7.jpg,Norway
’Ευα,Αγγελοπούλου,Αγγελοπούλου93@),’Ευα903,female,26,’Ευα_93@example.com,https://uinames.com/api/photos/female/11.jpg,Greece
Danh,Nhiên,Nhiên89+),Danh818,female,30,danh-nhiên@example.com,https://uinames.com/api/photos/female/14.jpg,Vietnam
江,渺,渺89{(,江161,female,30,江渺@example.com,https://uinames.com/api/photos/female/18.jpg,China
Miriama,Králik,Králik91(^,Miriama429,female,28,miriama-91@example.com,https://uinames.com/api/photos/female/12.jpg,Slovakia
Hilda,Vaško,Vaško98}_,Hilda766,female,21,hilda.vaško@example.com,https://uinames.com/api/photos/female/22.jpg,Slovakia
Yvonne,Haas,Haas83^%,Yvonne588,female,36,yvonne.haas@example.com,https://uinames.com/api/photos/female/7.jpg,Germany
Vüsalə,Əlizadə,Əlizadə92}(,Vüsalə965,female,27,vüsalə92@example.com,https://uinames.com/api/photos/female/11.jpg,Azerbaijan
Eva,Κορνάρος,Κορνάρος89{,Eva957,female,30,eva_89@example.com,https://uinames.com/api/photos/female/2.jpg,Greece
Miruna,Câmpineanu,Câmpineanu87=#,Miruna157,female,32,miruna_87@example.com,https://uinames.com/api/photos/female/9.jpg,Romania
Alice,Perkins,Perkins98$),Alice285,female,21,alice98@example.com,https://uinames.com/api/photos/female/21.jpg,United States
Inès,Lacroix,Lacroix88*=,Inès491,female,31,inès_88@example.com,https://uinames.com/api/photos/female/1.jpg,France
Madár,Patrícia,Patrícia88@=,Madár967,female,31,madár_88@example.com,https://uinames.com/api/photos/female/12.jpg,Hungary
Belmina,Matković,Matković91=+,Belmina755,female,28,belmina-91@example.com,https://uinames.com/api/photos/female/4.jpg,Bosnia and Herzegovina
,Ana María Salgado,AnaMaríaSalgado88%=,578,female,31,88@example.com,https://uinames.com/api/photos/female/7.jpg,Mexico
Constanța,Varo,Varo88==,Constanța366,female,31,constanța_88@example.com,https://uinames.com/api/photos/female/13.jpg,Romania
Δεσποινα,Παπαφιλίππου,Παπαφιλίππου90$),Δεσποινα905,female,29,Δεσποινα-90@example.com,https://uinames.com/api/photos/female/20.jpg,Greece
Eefke,Meijer,Meijer88}+,Eefke541,female,31,eefke.meijer@example.com,https://uinames.com/api/photos/female/2.jpg,Netherlands
Paula,Tapalagă,Tapalagă89{%,Paula109,female,30,paula-89@example.com,https://uinames.com/api/photos/female/3.jpg,Romania
Renata,Cătunean,Cătunean90#!,Renata702,female,29,renata90@example.com,https://uinames.com/api/photos/female/20.jpg,Romania
Nicoleta,Mușat,Mușat98&#,Nicoleta936,female,21,nicoleta-98@example.com,https://uinames.com/api/photos/female/18.jpg,Romania
Αννα,Ιωάννου,Ιωάννου98$=,Αννα212,female,21,Αννα_98@example.com,https://uinames.com/api/photos/female/21.jpg,Greece
Vesna,Korošec,Korošec88}*,Vesna182,female,31,vesna_88@example.com,https://uinames.com/api/photos/female/20.jpg,Slovenia
Роза,Авдеевa,Авдеевa84=_,Роза254,female,35,Роза84@example.com,https://uinames.com/api/photos/female/8.jpg,Russia
Έλενα,Δημητρακόπουλος,Δημητρακόπουλος95{+,Έλενα397,female,24,Έλενα_95@example.com,https://uinames.com/api/photos/female/26.jpg,Greece
Ingrid,Dimitriev,Dimitriev94@#,Ingrid638,female,25,ingrid94@example.com,https://uinames.com/api/photos/female/14.jpg,Estonia
Jana,Dinică,Dinică87$),Jana318,female,32,jana.dinică@example.com,https://uinames.com/api/photos/female/7.jpg,Romania
Artemisa,Cazacu,Cazacu98),Artemisa287,female,21,artemisa_98@example.com,https://uinames.com/api/photos/female/21.jpg,Romania
Gizela,Chudík,Chudík85^),Gizela597,female,34,gizela-85@example.com,https://uinames.com/api/photos/female/11.jpg,Slovakia
Ελένη,Ρέντης,Ρέντης96=},Ελένη723,female,23,Ελένη96@example.com,https://uinames.com/api/photos/female/6.jpg,Greece
Zhyldyzkan,Dinmukanmedov,Dinmukanmedov95,Zhyldyzkan582,female,24,zhyldyzkan-95@example.com,https://uinames.com/api/photos/female/7.jpg,Kyrgyz Republic
Olivia,Neacșu,Neacșu96=$,Olivia623,female,23,olivia_96@example.com,https://uinames.com/api/photos/female/5.jpg,Romania
Στέλλα,Τομαραίοι,Τομαραίοι85%{,Στέλλα756,female,34,Στέλλα_85@example.com,https://uinames.com/api/photos/female/13.jpg,Greece
Martyna,Adamczyk,Adamczyk98)$,Martyna450,female,21,martyna98@example.com,https://uinames.com/api/photos/female/11.jpg,Poland
Eva,Νικολάκος,Νικολάκος87+&,Eva728,female,32,eva87@example.com,https://uinames.com/api/photos/female/6.jpg,Greece
Zaharia,Bârcă,Bârcă89^(,Zaharia159,female,30,zaharia_89@example.com,https://uinames.com/api/photos/female/17.jpg,Romania
Mamata,Gaur,Gaur90@%,Mamata483,female,29,mamata_gaur@example.com,https://uinames.com/api/photos/female/24.jpg,Nepal
Rebeka,Hrušovský,Hrušovský91_~,Rebeka188,female,28,rebeka-91@example.com,https://uinames.com/api/photos/female/24.jpg,Slovakia
Στέλλα,Τρικούπη,Τρικούπη95{$,Στέλλα942,female,24,Στέλλα_95@example.com,https://uinames.com/api/photos/female/3.jpg,Greece
Crina,Gruia,Gruia98@},Crina280,female,21,crinagruia@example.com,https://uinames.com/api/photos/female/2.jpg,Romania
Hồ,Hạnh,Hạnh94@^,Hồ774,female,25,hồhạnh@example.com,https://uinames.com/api/photos/female/12.jpg,Vietnam
Celina,Vad,Vad91**,Celina655,female,28,celina.vad@example.com,https://uinames.com/api/photos/female/17.jpg,Denmark
Mina,Băsescu,Băsescu91^{,Mina363,female,28,mina91@example.com,https://uinames.com/api/photos/female/21.jpg,Romania
Juliette,Adam,Adam86++,Juliette562,female,33,juliette-86@example.com,https://uinames.com/api/photos/female/20.jpg,France
Radványi,Szofi,Szofi93!#,Radványi894,female,26,radványi_93@example.com,https://uinames.com/api/photos/female/10.jpg,Hungary
Savina,Medeleanu,Medeleanu87&{,Savina390,female,32,savina87@example.com,https://uinames.com/api/photos/female/18.jpg,Romania
Greta,Müller,Müller93=&,Greta684,female,26,greta_93@example.com,https://uinames.com/api/photos/female/5.jpg,Germany
Izsák,Rózsa,Rózsa85)@,Izsák490,female,34,izsák_85@example.com,https://uinames.com/api/photos/female/3.jpg,Hungary
Jozefína,Kováčik,Kováčik92!),Jozefína376,female,27,jozefína_92@example.com,https://uinames.com/api/photos/female/3.jpg,Slovakia
Silvia,Markoš,Markoš84^!,Silvia981,female,35,silvia_84@example.com,https://uinames.com/api/photos/female/11.jpg,Slovakia
Lâm,Lê,Lê95#},Lâm607,female,24,lâm-lê@example.com,https://uinames.com/api/photos/female/14.jpg,Vietnam
Dumitrana,Ungur,Ungur93={,Dumitrana934,female,26,dumitrana_93@example.com,https://uinames.com/api/photos/female/1.jpg,Romania
Szalma,Dóra,Dóra85~=,Szalma147,female,34,szalma.dóra@example.com,https://uinames.com/api/photos/female/11.jpg,Hungary
Ιωάννα,Ζωγράφου,Ζωγράφου98={,Ιωάννα781,female,21,Ιωάννα-98@example.com,https://uinames.com/api/photos/female/1.jpg,Greece
Janeta,Tăriceanu,Tăriceanu84){,Janeta512,female,35,janeta84@example.com,https://uinames.com/api/photos/female/7.jpg,Romania
Saba,Lodhi,Lodhi83^!,Saba935,female,36,sabalodhi@example.com,https://uinames.com/api/photos/female/6.jpg,Pakistan
Ramona,Aman,Aman90~*,Ramona901,female,29,ramonaaman@example.com,https://uinames.com/api/photos/female/7.jpg,Romania
Elena,Kôstka,Kôstka85*&,Elena369,female,34,elena_85@example.com,https://uinames.com/api/photos/female/13.jpg,Slovakia
Alejandra,Valdez,Valdez83!$,Alejandra418,female,36,alejandra83@example.com,https://uinames.com/api/photos/female/2.jpg,Mexico
Paraschiva,Mihăescu,Mihăescu86#},Paraschiva727,female,33,paraschiva_86@example.com,https://uinames.com/api/photos/female/9.jpg,Romania
Viorica,Barna,Barna84!$,Viorica524,female,35,viorica_84@example.com,https://uinames.com/api/photos/female/26.jpg,Romania
Dafina,Brateș,Brateș96@~,Dafina627,female,23,dafina-96@example.com,https://uinames.com/api/photos/female/17.jpg,Romania
Linnéa,Ahlgren,Ahlgren95%~,Linnéa614,female,24,linnéa95@example.com,https://uinames.com/api/photos/female/25.jpg,Sweden
Elif,Tosun,Tosun96$=,Elif196,female,23,eliftosun@example.com,https://uinames.com/api/photos/female/25.jpg,Turkey
Amber De,Vos,Vos84~!,Amber De235,female,35,amber de.vos@example.com,https://uinames.com/api/photos/female/26.jpg,Belgium
Abigail,Aylmer,Aylmer89{=,Abigail509,female,30,abigail_89@example.com,https://uinames.com/api/photos/female/17.jpg,New Zealand
Végvári,Nóra,Nóra88}),Végvári730,female,31,végvári_88@example.com,https://uinames.com/api/photos/female/26.jpg,Hungary
Timea,Savin,Savin89@!,Timea237,female,30,timeasavin@example.com,https://uinames.com/api/photos/female/14.jpg,Romania
Aiša,Koroman,Koroman87^(,Aiša766,female,32,aiša87@example.com,https://uinames.com/api/photos/female/5.jpg,Bosnia and Herzegovina
Peyton,Gagné,Gagné90+$,Peyton412,female,29,peyton90@example.com,https://uinames.com/api/photos/female/16.jpg,Canada
Filoména,Plešivec,Plešivec85{&,Filoména872,female,34,filoména-85@example.com,https://uinames.com/api/photos/female/8.jpg,Slovakia
Dora,Andi,Andi96$@,Dora572,female,23,dora_andi@example.com,https://uinames.com/api/photos/female/25.jpg,Turkey
Σοφία,Καραμανλής,Καραμανλής91=@,Σοφία265,female,28,Σοφία_91@example.com,https://uinames.com/api/photos/female/26.jpg,Greece
Ada,Călina,Călina95@^,Ada884,female,24,ada.călina@example.com,https://uinames.com/api/photos/female/1.jpg,Romania
Έλενα,Ράγκος,Ράγκος88+%,Έλενα919,female,31,Έλενα-88@example.com,https://uinames.com/api/photos/female/22.jpg,Greece
Natália,Urblík,Urblík94+,Natália813,female,25,natália94@example.com,https://uinames.com/api/photos/female/18.jpg,Slovakia
Aydan,Musazadə,Musazadə85~@,Aydan734,female,34,aydan_85@example.com,https://uinames.com/api/photos/female/20.jpg,Azerbaijan
Marisol,Alarcón,Alarcón95*{,Marisol373,female,24,marisol_95@example.com,https://uinames.com/api/photos/female/20.jpg,Mexico
Amanda,Bunea,Bunea89_!,Amanda706,female,30,amanda-bunea@example.com,https://uinames.com/api/photos/female/26.jpg,Romania
Consuela,Dobrin,Dobrin98(*,Consuela366,female,21,consuela-98@example.com,https://uinames.com/api/photos/female/22.jpg,Romania
Bogdana,Mogoș,Mogoș91*$,Bogdana138,female,28,bogdana-91@example.com,https://uinames.com/api/photos/female/3.jpg,Romania
Raluca,Țăranu,Țăranu89)_,Raluca592,female,30,raluca_89@example.com,https://uinames.com/api/photos/female/4.jpg,Romania
Megan,Richards,Richards84~},Megan824,female,35,megan-84@example.com,https://uinames.com/api/photos/female/3.jpg,United States
Ángela,Esteban,Esteban98!),Ángela736,female,21,Ángela98@example.com,https://uinames.com/api/photos/female/23.jpg,Spain
Kelly,Simmons,Simmons97$_,Kelly563,female,22,kelly-97@example.com,https://uinames.com/api/photos/female/18.jpg,United States
Jámbor,Nelli,Nelli96{*,Jámbor303,female,23,jámbor96@example.com,https://uinames.com/api/photos/female/16.jpg,Hungary
Angela,Caragiu,Caragiu94@{,Angela547,female,25,angela94@example.com,https://uinames.com/api/photos/female/5.jpg,Romania
공,유진,유진87%~,공493,female,32,공유진@example.com,https://uinames.com/api/photos/female/23.jpg,Korea
Océane,Petit,Petit89{$,Océane659,female,30,océane_89@example.com,https://uinames.com/api/photos/female/10.jpg,Belgium
Josefine,Vad,Vad96#_,Josefine248,female,23,josefine_vad@example.com,https://uinames.com/api/photos/female/5.jpg,Denmark
Олеся,Авдеевa,Авдеевa85+_,Олеся686,female,34,Олеся-85@example.com,https://uinames.com/api/photos/female/26.jpg,Russia
,Toktog Tugunbu Bekzatov,ToktogTugunbuBekzatov85=+,335,female,34,85@example.com,https://uinames.com/api/photos/female/3.jpg,Kyrgyz Republic
Έλενα,Δαγκλής,Δαγκλής96~*,Έλενα356,female,23,Έλενα96@example.com,https://uinames.com/api/photos/female/17.jpg,Greece
Maddison,Harrison,Harrison90@@,Maddison557,female,29,maddison_90@example.com,https://uinames.com/api/photos/female/9.jpg,England
Triệu,Liên,Liên98{_,Triệu996,female,21,triệu_98@example.com,https://uinames.com/api/photos/female/18.jpg,Vietnam
Melissa,Johnson,Johnson96^,Melissa107,female,23,melissa_96@example.com,https://uinames.com/api/photos/female/17.jpg,United States
Ιωάννα,Λαγός,Λαγός93#^,Ιωάννα642,female,26,Ιωάννα93@example.com,https://uinames.com/api/photos/female/14.jpg,Greece
Αννα,Κουβέλης,Κουβέλης95^%,Αννα308,female,24,Αννα_95@example.com,https://uinames.com/api/photos/female/1.jpg,Greece
Camilla,Barbieri,Barbieri93+),Camilla696,female,26,camilla_93@example.com,https://uinames.com/api/photos/female/17.jpg,Italy
Semenica,Rîpă,Rîpă91~#,Semenica112,female,28,semenica_91@example.com,https://uinames.com/api/photos/female/16.jpg,Romania
Pia,Winter,Winter98(,Pia151,female,21,pia_winter@example.com,https://uinames.com/api/photos/female/22.jpg,Germany
Pallagi,Daniella,Daniella92*%,Pallagi918,female,27,pallagi_92@example.com,https://uinames.com/api/photos/female/7.jpg,Hungary
Ελίνα,Χατζηιωάννου,Χατζηιωάννου95$,Ελίνα784,female,24,Ελίνα95@example.com,https://uinames.com/api/photos/female/6.jpg,Greece
Meryem,Sarıgil,Sarıgil97$&,Meryem473,female,22,meryem_97@example.com,https://uinames.com/api/photos/female/3.jpg,Turkey
Δεσποινα,Παχής,Παχής87~{,Δεσποινα131,female,32,Δεσποινα_87@example.com,https://uinames.com/api/photos/female/12.jpg,Greece
Octavia,Șerb,Șerb93%_,Octavia217,female,26,octavia_93@example.com,https://uinames.com/api/photos/female/15.jpg,Romania
Dilara,Şimşek,Şimşek91#},Dilara105,female,28,dilara91@example.com,https://uinames.com/api/photos/female/20.jpg,Turkey
Δεσποινα,Βάμβας,Βάμβας93@*,Δεσποινα347,female,26,Δεσποινα_93@example.com,https://uinames.com/api/photos/female/15.jpg,Greece
Samikshya,Malla,Malla91@{,Samikshya880,female,28,samikshya-91@example.com,https://uinames.com/api/photos/female/24.jpg,Nepal
Kardelen,Süren,Süren87!},Kardelen719,female,32,kardelen-87@example.com,https://uinames.com/api/photos/female/24.jpg,Turkey
Norica,Urs,Urs95@$,Norica720,female,24,norica-urs@example.com,https://uinames.com/api/photos/female/11.jpg,Romania
Vera,Sandu,Sandu96~=,Vera118,female,23,vera.sandu@example.com,https://uinames.com/api/photos/female/3.jpg,Romania
Emma,Walsh,Walsh92}*,Emma253,female,27,emma-walsh@example.com,https://uinames.com/api/photos/female/14.jpg,Ireland
Rontó,Emma,Emma97{%,Rontó913,female,22,rontóemma@example.com,https://uinames.com/api/photos/female/23.jpg,Hungary
Angela,Găină,Găină87,Angela548,female,32,angela_87@example.com,https://uinames.com/api/photos/female/15.jpg,Romania
曾,妹,妹97&~,曾306,female,22,曾-妹@example.com,https://uinames.com/api/photos/female/9.jpg,China
Sylwia,Baran,Baran98&_,Sylwia137,female,21,sylwia-baran@example.com,https://uinames.com/api/photos/female/11.jpg,Poland
Ember,Judit,Judit92(+,Ember523,female,27,ember-judit@example.com,https://uinames.com/api/photos/female/16.jpg,Hungary
Consuelo,Colín,Colín98*+,Consuelo523,female,21,consuelo_98@example.com,https://uinames.com/api/photos/female/22.jpg,Mexico
Maria,Haugland,Haugland91~_,Maria263,female,28,maria_91@example.com,https://uinames.com/api/photos/female/9.jpg,Norway
Lauren,Rogers,Rogers85_),Lauren906,female,34,lauren-85@example.com,https://uinames.com/api/photos/female/7.jpg,England
Αννα,Αργυριάδης,Αργυριάδης97~*,Αννα784,female,22,Αννα97@example.com,https://uinames.com/api/photos/female/6.jpg,Greece
Lucie,Desmet,Desmet86{(,Lucie709,female,33,lucie_desmet@example.com,https://uinames.com/api/photos/female/13.jpg,Belgium
Tove,Olsen,Olsen90%(,Tove520,female,29,toveolsen@example.com,https://uinames.com/api/photos/female/6.jpg,Norway
Martina,Villanueva,Villanueva87=#,Martina671,female,32,martina87@example.com,https://uinames.com/api/photos/female/10.jpg,Mexico
Cosmina,Pășcanu,Pășcanu85#,Cosmina401,female,34,cosmina_85@example.com,https://uinames.com/api/photos/female/20.jpg,Romania
林,珍,珍92~=,林722,female,27,林.珍@example.com,https://uinames.com/api/photos/female/16.jpg,China
Megan,Reeves,Reeves85(^,Megan126,female,34,meganreeves@example.com,https://uinames.com/api/photos/female/10.jpg,New Zealand
Регина,Окуловa,Окуловa95#{,Регина683,female,24,Регина95@example.com,https://uinames.com/api/photos/female/9.jpg,Russia
Amber,Henley,Henley98#_,Amber652,female,21,amber_henley@example.com,https://uinames.com/api/photos/female/10.jpg,New Zealand
Έλενα,Ζάρκος,Ζάρκος91&^,Έλενα663,female,28,Έλενα91@example.com,https://uinames.com/api/photos/female/11.jpg,Greece
Laura,Caraciobanu,Caraciobanu87=},Laura274,female,32,laura-87@example.com,https://uinames.com/api/photos/female/17.jpg,Romania
,María Dolores Vázquez,MaríaDoloresVázquez84+_,975,female,35,84@example.com,https://uinames.com/api/photos/female/21.jpg,Spain
Марина,Максимовa,Максимовa87(},Марина705,female,32,Марина_87@example.com,https://uinames.com/api/photos/female/8.jpg,Russia
Δεσποινα,Τομαραίοι,Τομαραίοι85+~,Δεσποινα350,female,34,Δεσποινα-85@example.com,https://uinames.com/api/photos/female/12.jpg,Greece
Elise Van De,Velde,Velde93^%,Elise Van De641,female,26,elise van de_93@example.com,https://uinames.com/api/photos/female/2.jpg,Belgium
Palotás,Julianna,Julianna91*$,Palotás656,female,28,palotás91@example.com,https://uinames.com/api/photos/female/11.jpg,Hungary
Trinity,Shearer,Shearer90+@,Trinity905,female,29,trinity90@example.com,https://uinames.com/api/photos/female/22.jpg,New Zealand
지,영숙,영숙91@^,지550,female,28,지.영숙@example.com,https://uinames.com/api/photos/female/5.jpg,Korea
Leah,Elliott,Elliott94~+,Leah923,female,25,leah.elliott@example.com,https://uinames.com/api/photos/female/2.jpg,New Zealand
Minodora,Văluță,Văluță97{@,Minodora110,female,22,minodora_97@example.com,https://uinames.com/api/photos/female/9.jpg,Romania
Andreja,Medved,Medved87=*,Andreja960,female,32,andreja87@example.com,https://uinames.com/api/photos/female/12.jpg,Slovenia
Aristița,Goga,Goga85{(,Aristița124,female,34,aristița-85@example.com,https://uinames.com/api/photos/female/20.jpg,Romania
Müge,Ünal,Ünal85~&,Müge516,female,34,müge.Ünal@example.com,https://uinames.com/api/photos/female/20.jpg,Turkey
Bandhana,Chand,Chand84%$,Bandhana828,female,35,bandhana_84@example.com,https://uinames.com/api/photos/female/6.jpg,Nepal
Pauline,Kaiser,Kaiser87(=,Pauline458,female,32,pauline87@example.com,https://uinames.com/api/photos/female/15.jpg,Germany
Martha,Bishop,Bishop85}%,Martha623,female,34,martha-85@example.com,https://uinames.com/api/photos/female/17.jpg,United States
Zenovia,Agârbiceanu,Agârbiceanu84@=,Zenovia571,female,35,zenovia84@example.com,https://uinames.com/api/photos/female/24.jpg,Romania
ჟუჟუნა,სამხარაძე,სამხარაძე92}~,ჟუჟუნა279,female,27,ჟუჟუნა-92@example.com,https://uinames.com/api/photos/female/9.jpg,Georgia
Francisca,Arteaga,Arteaga92&=,Francisca322,female,27,francisca-92@example.com,https://uinames.com/api/photos/female/15.jpg,Mexico
Αννα,Αποστολίδης,Αποστολίδης93*#,Αννα793,female,26,Αννα_93@example.com,https://uinames.com/api/photos/female/13.jpg,Greece
Miruna,Mureșanu,Mureșanu84)^,Miruna249,female,35,miruna-84@example.com,https://uinames.com/api/photos/female/19.jpg,Romania
Ruxandra,Blănculescu,Blănculescu97_$,Ruxandra395,female,22,ruxandra-97@example.com,https://uinames.com/api/photos/female/18.jpg,Romania
Julia,Baumgartner,Baumgartner91{%,Julia206,female,28,julia91@example.com,https://uinames.com/api/photos/female/1.jpg,Austria
Laura,Carbajal,Carbajal90@{,Laura945,female,29,laura_90@example.com,https://uinames.com/api/photos/female/26.jpg,Mexico
Lisa,Goossens,Goossens84^@,Lisa373,female,35,lisa-84@example.com,https://uinames.com/api/photos/female/15.jpg,Belgium
Στέλλα,Κορωναίος,Κορωναίος96{=,Στέλλα464,female,23,Στέλλα-96@example.com,https://uinames.com/api/photos/female/1.jpg,Greece
Amélie,Mallet,Mallet89!},Amélie499,female,30,amélie_89@example.com,https://uinames.com/api/photos/female/19.jpg,France
Ecrin,Altan,Altan89##,Ecrin236,female,30,ecrin-altan@example.com,https://uinames.com/api/photos/female/16.jpg,Turkey
Georgeta,Bujor,Bujor88##,Georgeta784,female,31,georgeta-88@example.com,https://uinames.com/api/photos/female/19.jpg,Romania
Lăcrămioara,Fulea,Fulea92#{,Lăcrămioara138,female,27,lăcrămioara_92@example.com,https://uinames.com/api/photos/female/19.jpg,Romania
Evelyn,Welch,Welch87&#,Evelyn504,female,32,evelynwelch@example.com,https://uinames.com/api/photos/female/17.jpg,United States
Speranța,Cîndea,Cîndea90}^,Speranța117,female,29,speranța_90@example.com,https://uinames.com/api/photos/female/1.jpg,Romania
Crystal,Holland,Holland89*!,Crystal410,female,30,crystal-89@example.com,https://uinames.com/api/photos/female/23.jpg,United States
Ιωάννα,Αργυριάδης,Αργυριάδης90&$,Ιωάννα279,female,29,Ιωάννα_90@example.com,https://uinames.com/api/photos/female/3.jpg,Greece
Έλενα,Κούνδουρος,Κούνδουρος97%~,Έλενα622,female,22,Έλενα97@example.com,https://uinames.com/api/photos/female/2.jpg,Greece
Gulchera,Aitbekov,Aitbekov92_~,Gulchera554,female,27,gulchera92@example.com,https://uinames.com/api/photos/female/6.jpg,Kyrgyz Republic
Lauren,Butler,Butler98%@,Lauren708,female,21,lauren_98@example.com,https://uinames.com/api/photos/female/5.jpg,United States
Pərvanə,Kazımlı,Kazımlı95={,Pərvanə934,female,24,pərvanə-95@example.com,https://uinames.com/api/photos/female/12.jpg,Azerbaijan
Ljiljana,Nadarević,Nadarević98_*,Ljiljana591,female,21,ljiljana-98@example.com,https://uinames.com/api/photos/female/12.jpg,Bosnia and Herzegovina
Ирина,Степановa,Степановa97^$,Ирина623,female,22,Ирина_97@example.com,https://uinames.com/api/photos/female/19.jpg,Russia
ხათუნა,თოდუა,თოდუა85%),ხათუნა188,female,34,ხათუნა-85@example.com,https://uinames.com/api/photos/female/8.jpg,Georgia
’Ευα,Γαλάνη,Γαλάνη89{^,’Ευα809,female,30,’Ευα_89@example.com,https://uinames.com/api/photos/female/16.jpg,Greece
Andreea,Trifa,Trifa88%_,Andreea936,female,31,andreea-88@example.com,https://uinames.com/api/photos/female/10.jpg,Romania
Alisa,Bolić,Bolić89$,Alisa906,female,30,alisa-bolić@example.com,https://uinames.com/api/photos/female/15.jpg,Bosnia and Herzegovina
Ιωάννα,Μαρής,Μαρής93*!,Ιωάννα469,female,26,Ιωάννα-93@example.com,https://uinames.com/api/photos/female/17.jpg,Greece
Aud,Ellingsen,Ellingsen84)#,Aud738,female,35,aud_84@example.com,https://uinames.com/api/photos/female/16.jpg,Norway
Ionelia,Grozescu,Grozescu91@^,Ionelia867,female,28,ionelia91@example.com,https://uinames.com/api/photos/female/7.jpg,Romania
Tone,Kristiansen,Kristiansen94&~,Tone841,female,25,tone-94@example.com,https://uinames.com/api/photos/female/9.jpg,Norway
Aasha,Deuja,Deuja90_^,Aasha710,female,29,aasha_deuja@example.com,https://uinames.com/api/photos/female/9.jpg,Nepal
Amelia,Morton,Morton85*&,Amelia154,female,34,amelia85@example.com,https://uinames.com/api/photos/female/15.jpg,Australia
Leana,Berindei,Berindei90!^,Leana166,female,29,leana-90@example.com,https://uinames.com/api/photos/female/12.jpg,Romania
Έλενα,Βονόρτας,Βονόρτας89@!,Έλενα684,female,30,Έλενα-89@example.com,https://uinames.com/api/photos/female/2.jpg,Greece
Consuela,Ștefănescu,Ștefănescu89^*,Consuela713,female,30,consuela-89@example.com,https://uinames.com/api/photos/female/3.jpg,Romania
Riley,Mustoe,Mustoe94$_,Riley579,female,25,riley-mustoe@example.com,https://uinames.com/api/photos/female/9.jpg,New Zealand
Zakar,Lenóra,Lenóra86}(,Zakar585,female,33,zakar86@example.com,https://uinames.com/api/photos/female/17.jpg,Hungary
Kamila,Hrdlička,Hrdlička85{&,Kamila366,female,34,kamila85@example.com,https://uinames.com/api/photos/female/11.jpg,Slovakia
Lola,Fontaine,Fontaine96**,Lola917,female,23,lola-96@example.com,https://uinames.com/api/photos/female/14.jpg,France
Beatriz,Román,Román97#^,Beatriz292,female,22,beatriz97@example.com,https://uinames.com/api/photos/female/16.jpg,Spain
Славка,НИКОЛОВА,НИКОЛОВА84&,Славка565,female,35,Славка_84@example.com,https://uinames.com/api/photos/female/8.jpg,Bulgaria
Δεσποινα,Κουντουριώτης,Κουντουριώτης98~*,Δεσποινα670,female,21,Δεσποινα98@example.com,https://uinames.com/api/photos/female/23.jpg,Greece
付,婧,婧97(_,付487,female,22,付-婧@example.com,https://uinames.com/api/photos/female/26.jpg,China
Δεσποινα,Δραγούμης,Δραγούμης88&,Δεσποινα635,female,31,Δεσποινα88@example.com,https://uinames.com/api/photos/female/1.jpg,Greece
Mélanie,Vermeiren,Vermeiren94(+,Mélanie551,female,25,mélanie-94@example.com,https://uinames.com/api/photos/female/9.jpg,Belgium
Lucreția,Sabău,Sabău89&!,Lucreția630,female,30,lucreția_89@example.com,https://uinames.com/api/photos/female/5.jpg,Romania
Clémence,Michaud,Michaud91^#,Clémence187,female,28,clémence91@example.com,https://uinames.com/api/photos/female/1.jpg,France
İclal,Bozkır,Bozkır95!%,İclal463,female,24,İclal95@example.com,https://uinames.com/api/photos/female/23.jpg,Turkey
Simone,Winkler,Winkler96~$,Simone171,female,23,simone-96@example.com,https://uinames.com/api/photos/female/15.jpg,Austria
Nanu,Khati,Khati97&&,Nanu598,female,22,nanukhati@example.com,https://uinames.com/api/photos/female/20.jpg,Nepal
Nyírő,Kitti,Kitti93={,Nyírő738,female,26,nyírő93@example.com,https://uinames.com/api/photos/female/3.jpg,Hungary
Rontó,Irén,Irén97_#,Rontó123,female,22,rontó_irén@example.com,https://uinames.com/api/photos/female/23.jpg,Hungary
Eline de,Ruiter,Ruiter84%+,Eline de569,female,35,eline de_84@example.com,https://uinames.com/api/photos/female/9.jpg,Netherlands
Wenke,Frank,Frank86*@,Wenke379,female,33,wenke.frank@example.com,https://uinames.com/api/photos/female/25.jpg,Germany
لبنى,شابير,شابير89^,لبنى995,female,30,لبنى89@example.com,https://uinames.com/api/photos/female/8.jpg,Tunisia
Bagoly,Sarolta,Sarolta96*!,Bagoly145,female,23,bagoly_96@example.com,https://uinames.com/api/photos/female/20.jpg,Hungary
Miruna,Drumur,Drumur84%~,Miruna864,female,35,miruna84@example.com,https://uinames.com/api/photos/female/23.jpg,Romania
Evanghelina,Tudan,Tudan95$},Evanghelina304,female,24,evanghelina-95@example.com,https://uinames.com/api/photos/female/4.jpg,Romania
Alicia,Delgado,Delgado95_&,Alicia662,female,24,alicia-95@example.com,https://uinames.com/api/photos/female/16.jpg,Spain
Dina,Caragiani,Caragiani89~*,Dina479,female,30,dina_89@example.com,https://uinames.com/api/photos/female/8.jpg,Romania
Marcela,Preda,Preda85*%,Marcela240,female,34,marcela-85@example.com,https://uinames.com/api/photos/female/16.jpg,Romania
Ariana,Anderson,Anderson85!=,Ariana344,female,34,ariana85@example.com,https://uinames.com/api/photos/female/17.jpg,New Zealand
Peri,Tunçer,Tunçer88^*,Peri412,female,31,peri-tunçer@example.com,https://uinames.com/api/photos/female/1.jpg,Turkey
Αννα,Καλογιάννης,Καλογιάννης95(~,Αννα473,female,24,Αννα_95@example.com,https://uinames.com/api/photos/female/8.jpg,Greece
Smaranda,Ghinea,Ghinea83%^,Smaranda479,female,36,smaranda-83@example.com,https://uinames.com/api/photos/female/20.jpg,Romania
Otília,Krajíček,Krajíček96(,Otília671,female,23,otília-96@example.com,https://uinames.com/api/photos/female/26.jpg,Slovakia
Λουΐζα,Παπαφιλίππου,Παπαφιλίππου91&^,Λουΐζα958,female,28,Λουΐζα91@example.com,https://uinames.com/api/photos/female/2.jpg,Greece
Beatriz,Olivares,Olivares89#,Beatriz256,female,30,beatriz89@example.com,https://uinames.com/api/photos/female/13.jpg,Mexico
Simina,Popovici,Popovici87!#,Simina851,female,32,simina87@example.com,https://uinames.com/api/photos/female/12.jpg,Romania
Nesrin,Asan,Asan97~^,Nesrin401,female,22,nesrinasan@example.com,https://uinames.com/api/photos/female/4.jpg,Turkey
Bethany,Ross,Ross93{*,Bethany115,female,26,bethany.ross@example.com,https://uinames.com/api/photos/female/19.jpg,England
Almeda,Tekin,Tekin91=_,Almeda824,female,28,almedatekin@example.com,https://uinames.com/api/photos/female/12.jpg,Turkey
დარეჯან,სურმანიძე,სურმანიძე92^$,დარეჯან449,female,27,დარეჯან-92@example.com,https://uinames.com/api/photos/female/2.jpg,Georgia
Zhirgal,Kadyrov,Kadyrov86@(,Zhirgal631,female,33,zhirgal_86@example.com,https://uinames.com/api/photos/female/11.jpg,Kyrgyz Republic
Sarita,Rana,Rana84++,Sarita528,female,35,sarita-rana@example.com,https://uinames.com/api/photos/female/12.jpg,Nepal
Carolina,Núñez,Núñez86)_,Carolina158,female,33,carolina-86@example.com,https://uinames.com/api/photos/female/1.jpg,Spain
Carolina,Irimescu,Irimescu96%!,Carolina168,female,23,carolina96@example.com,https://uinames.com/api/photos/female/21.jpg,Romania
Ιωάννα,Τομαραίοι,Τομαραίοι85(=,Ιωάννα599,female,34,Ιωάννα85@example.com,https://uinames.com/api/photos/female/7.jpg,Greece
Blanduzia,Popescu,Popescu89%_,Blanduzia628,female,30,blanduzia_89@example.com,https://uinames.com/api/photos/female/20.jpg,Romania
Eszenyi,Dorina,Dorina93@,Eszenyi325,female,26,eszenyi-93@example.com,https://uinames.com/api/photos/female/3.jpg,Hungary
추,수빈,수빈92!=,추131,female,27,추수빈@example.com,https://uinames.com/api/photos/female/8.jpg,Korea
Ashleigh,Michie,Michie94+$,Ashleigh357,female,25,ashleigh-94@example.com,https://uinames.com/api/photos/female/15.jpg,New Zealand
Σοφία,Γούναρης,Γούναρης92),Σοφία453,female,27,Σοφία-92@example.com,https://uinames.com/api/photos/female/17.jpg,Greece
Svetlana,Iepureanu,Iepureanu86(%,Svetlana584,female,33,svetlana_86@example.com,https://uinames.com/api/photos/female/8.jpg,Romania
Sara,Bernal,Bernal94}_,Sara452,female,25,sara_bernal@example.com,https://uinames.com/api/photos/female/21.jpg,Mexico
Ιωάννα,Αργυριάδης,Αργυριάδης97_#,Ιωάννα708,female,22,Ιωάννα-97@example.com,https://uinames.com/api/photos/female/19.jpg,Greece
Klea,Duro,Duro98#(,Klea316,female,21,kleaduro@example.com,https://uinames.com/api/photos/female/19.jpg,Albania
’Ευα,Αλεξάνδρου,Αλεξάνδρου95$,’Ευα277,female,24,’Ευα-95@example.com,https://uinames.com/api/photos/female/15.jpg,Greece
Lea,Mazurek,Mazurek84#+,Lea165,female,35,lea.mazurek@example.com,https://uinames.com/api/photos/female/1.jpg,Poland
Alica,Kolár,Kolár88!+,Alica760,female,31,alica.kolár@example.com,https://uinames.com/api/photos/female/18.jpg,Slovakia
Kübra,Göz,Göz88&~,Kübra307,female,31,kübra.göz@example.com,https://uinames.com/api/photos/female/24.jpg,Turkey
Ελίνα,Σκλαβούνος,Σκλαβούνος90(!,Ελίνα363,female,29,Ελίνα-90@example.com,https://uinames.com/api/photos/female/15.jpg,Greece
Katja,Nieminen,Nieminen93)^,Katja194,female,26,katja-93@example.com,https://uinames.com/api/photos/female/14.jpg,Finland
Jasmijn,Mol,Mol96~_,Jasmijn650,female,23,jasmijnmol@example.com,https://uinames.com/api/photos/female/14.jpg,Netherlands
Mara,Bucurescu,Bucurescu86&^,Mara690,female,33,mara86@example.com,https://uinames.com/api/photos/female/19.jpg,Romania
Σοφία,Δημητρακόπουλος,Δημητρακόπουλος90(&,Σοφία131,female,29,Σοφία90@example.com,https://uinames.com/api/photos/female/22.jpg,Greece
Iolanda,Murgeanu,Murgeanu94_=,Iolanda619,female,25,iolanda-94@example.com,https://uinames.com/api/photos/female/3.jpg,Romania
Sarah,Fuchs,Fuchs88^~,Sarah368,female,31,sarah.fuchs@example.com,https://uinames.com/api/photos/female/15.jpg,Austria
Zoe,Albu,Albu86^@,Zoe175,female,33,zoe_albu@example.com,https://uinames.com/api/photos/female/26.jpg,Romania
Paula,Drăghici,Drăghici88%~,Paula322,female,31,paula-88@example.com,https://uinames.com/api/photos/female/15.jpg,Romania
Delia,Brâncuși,Brâncuși93},Delia534,female,26,delia93@example.com,https://uinames.com/api/photos/female/18.jpg,Romania
Milica,Turčok,Turčok90+=,Milica831,female,29,milica_90@example.com,https://uinames.com/api/photos/female/6.jpg,Slovakia
,María Luisa Castro,MaríaLuisaCastro88&),670,female,31,_88@example.com,https://uinames.com/api/photos/female/25.jpg,Mexico
공,경숙,경숙85_#,공265,female,34,공_경숙@example.com,https://uinames.com/api/photos/female/19.jpg,Korea
Pauline,Antoine,Antoine96*_,Pauline582,female,23,pauline-96@example.com,https://uinames.com/api/photos/female/20.jpg,France
Ina,Știrbei,Știrbei98&@,Ina602,female,21,inaȘtirbei@example.com,https://uinames.com/api/photos/female/13.jpg,Romania
Isabella,Lechner,Lechner93^~,Isabella870,female,26,isabella_93@example.com,https://uinames.com/api/photos/female/19.jpg,Austria
Anastasia,Botescu,Botescu89_,Anastasia583,female,30,anastasia-89@example.com,https://uinames.com/api/photos/female/12.jpg,Romania
Anna,Lombardi,Lombardi95~^,Anna992,female,24,anna_95@example.com,https://uinames.com/api/photos/female/10.jpg,Italy
Σοφία,Σπυρόπουλος,Σπυρόπουλος84_~,Σοφία103,female,35,Σοφία-84@example.com,https://uinames.com/api/photos/female/20.jpg,Greece
Σοφία,Γαλάνη,Γαλάνη87^),Σοφία396,female,32,Σοφία_87@example.com,https://uinames.com/api/photos/female/21.jpg,Greece
Tudosia,Seciu,Seciu89_#,Tudosia521,female,30,tudosia89@example.com,https://uinames.com/api/photos/female/18.jpg,Romania
Dagmara,Kozák,Kozák93*#,Dagmara316,female,26,dagmara-93@example.com,https://uinames.com/api/photos/female/17.jpg,Slovakia
Karolína,Baša,Baša88#(,Karolína652,female,31,karolína_88@example.com,https://uinames.com/api/photos/female/6.jpg,Slovakia
Halmai,Margit,Margit89=},Halmai888,female,30,halmai-89@example.com,https://uinames.com/api/photos/female/1.jpg,Hungary
Ιωάννα,Γούναρης,Γούναρης93{,Ιωάννα950,female,26,Ιωάννα93@example.com,https://uinames.com/api/photos/female/2.jpg,Greece
Szirbik,Fruzsina,Fruzsina93),Szirbik605,female,26,szirbik93@example.com,https://uinames.com/api/photos/female/7.jpg,Hungary
Giorgiana,Rogoz,Rogoz89~_,Giorgiana719,female,30,giorgiana89@example.com,https://uinames.com/api/photos/female/21.jpg,Romania
Mila,Simard,Simard87*,Mila579,female,32,mila.simard@example.com,https://uinames.com/api/photos/female/18.jpg,Canada
María,Aparicio,Aparicio93~,María365,female,26,maría93@example.com,https://uinames.com/api/photos/female/3.jpg,Mexico
Agathe,Morel,Morel85(~,Agathe973,female,34,agathemorel@example.com,https://uinames.com/api/photos/female/16.jpg,France
Ιωάννα,Καλαμογδάρτης,Καλαμογδάρτης84_&,Ιωάννα494,female,35,Ιωάννα_84@example.com,https://uinames.com/api/photos/female/11.jpg,Greece
Zamira,Baybolsunov,Baybolsunov98{#,Zamira841,female,21,zamira_98@example.com,https://uinames.com/api/photos/female/23.jpg,Kyrgyz Republic
Albertina,Uglar,Uglar89#{,Albertina475,female,30,albertina89@example.com,https://uinames.com/api/photos/female/17.jpg,Romania
Λουΐζα,Αθανασίου,Αθανασίου89+_,Λουΐζα187,female,30,Λουΐζα_89@example.com,https://uinames.com/api/photos/female/11.jpg,Greece
Susana,Estrada,Estrada88((,Susana539,female,31,susana-88@example.com,https://uinames.com/api/photos/female/12.jpg,Mexico
Çağla,Özgür,Özgür86_@,Çağla386,female,33,Çağla86@example.com,https://uinames.com/api/photos/female/18.jpg,Turkey
Carlijn van de,Velde,Velde93=,Carlijn van de184,female,26,carlijn van de-93@example.com,https://uinames.com/api/photos/female/1.jpg,Netherlands
Ιωάννα,Κόρακας,Κόρακας94@,Ιωάννα689,female,25,Ιωάννα_94@example.com,https://uinames.com/api/photos/female/9.jpg,Greece
Csonka,Brigitta,Brigitta88#%,Csonka836,female,31,csonka_88@example.com,https://uinames.com/api/photos/female/26.jpg,Hungary
Jane,Lane,Lane90{@,Jane335,female,29,jane-lane@example.com,https://uinames.com/api/photos/female/23.jpg,United States
Lidia,Szczepaniak,Szczepaniak90&^,Lidia525,female,29,lidia-90@example.com,https://uinames.com/api/photos/female/24.jpg,Poland
Agnesa,Hrdlička,Hrdlička88)$,Agnesa670,female,31,agnesa-88@example.com,https://uinames.com/api/photos/female/11.jpg,Slovakia
Регина,Уваровa,Уваровa97*,Регина405,female,22,Регина-97@example.com,https://uinames.com/api/photos/female/26.jpg,Russia
Ελίνα,Βλαβιανός,Βλαβιανός86#~,Ελίνα937,female,33,Ελίνα-86@example.com,https://uinames.com/api/photos/female/17.jpg,Greece
Louise,Delaunay,Delaunay93*,Louise174,female,26,louise93@example.com,https://uinames.com/api/photos/female/15.jpg,France
Timea,Olari,Olari96*,Timea937,female,23,timea-olari@example.com,https://uinames.com/api/photos/female/4.jpg,Romania
Μαρία,Ευταξίας,Ευταξίας85){,Μαρία996,female,34,Μαρία85@example.com,https://uinames.com/api/photos/female/3.jpg,Greece
Natália,Vasko,Vasko92#,Natália603,female,27,natália92@example.com,https://uinames.com/api/photos/female/6.jpg,Slovakia
Cristina,Fulea,Fulea94@,Cristina338,female,25,cristina_94@example.com,https://uinames.com/api/photos/female/3.jpg,Romania
Sláva,Hrianka,Hrianka86!,Sláva679,female,33,sláva-86@example.com,https://uinames.com/api/photos/female/16.jpg,Slovakia
Anna,Layton,Layton92&#,Anna779,female,27,anna_layton@example.com,https://uinames.com/api/photos/female/25.jpg,New Zealand
Lori,Torres,Torres91%^,Lori791,female,28,lori-torres@example.com,https://uinames.com/api/photos/female/10.jpg,United States
Layla,Walker,Walker92}},Layla462,female,27,layla.walker@example.com,https://uinames.com/api/photos/female/15.jpg,England
Elisabeta,Aman,Aman91)_,Elisabeta558,female,28,elisabeta_91@example.com,https://uinames.com/api/photos/female/14.jpg,Romania
Aurelia,Cândea,Cândea87~_,Aurelia160,female,32,aurelia_87@example.com,https://uinames.com/api/photos/female/21.jpg,Romania
阿部,恵美,恵美96&,阿部933,female,23,阿部96@example.com,https://uinames.com/api/photos/female/2.jpg,Japan
Αννα,Μέλιοι,Μέλιοι92_*,Αννα301,female,27,Αννα92@example.com,https://uinames.com/api/photos/female/8.jpg,Greece
Patricia,Păunescu,Păunescu86)_,Patricia795,female,33,patricia_86@example.com,https://uinames.com/api/photos/female/21.jpg,Romania
Miloslava,Kováčik,Kováčik90$),Miloslava458,female,29,miloslava90@example.com,https://uinames.com/api/photos/female/9.jpg,Slovakia
Jasmina,Braghiș,Braghiș97(@,Jasmina758,female,22,jasmina-97@example.com,https://uinames.com/api/photos/female/19.jpg,Romania
Maira,Mian,Mian86^_,Maira541,female,33,mairamian@example.com,https://uinames.com/api/photos/female/14.jpg,Pakistan
Gallai,Hanna,Hanna91)%,Gallai358,female,28,gallai.hanna@example.com,https://uinames.com/api/photos/female/8.jpg,Hungary
Linda,Korčák,Korčák94*=,Linda714,female,25,linda_94@example.com,https://uinames.com/api/photos/female/23.jpg,Slovakia
Alina,Gojdu,Gojdu86((,Alina508,female,33,alina-gojdu@example.com,https://uinames.com/api/photos/female/11.jpg,Romania
,María Angeles Pastor,MaríaAngelesPastor87*=,408,female,32,87@example.com,https://uinames.com/api/photos/female/23.jpg,Spain
Jessica,Stewart,Stewart93%,Jessica225,female,26,jessica-93@example.com,https://uinames.com/api/photos/female/18.jpg,New Zealand
Merle,Hoffmann,Hoffmann91+),Merle755,female,28,merle_91@example.com,https://uinames.com/api/photos/female/10.jpg,Germany
许,苹,苹85=~,许984,female,34,许_苹@example.com,https://uinames.com/api/photos/female/1.jpg,China
Pánczél,Hanna,Hanna95^},Pánczél809,female,24,pánczél95@example.com,https://uinames.com/api/photos/female/10.jpg,Hungary
Sunhamhan,Erkinov,Erkinov95((,Sunhamhan704,female,24,sunhamhan95@example.com,https://uinames.com/api/photos/female/3.jpg,Kyrgyz Republic
Αννα,Καλάρης,Καλάρης98)+,Αννα489,female,21,Αννα-98@example.com,https://uinames.com/api/photos/female/22.jpg,Greece
向,玫,玫97^_,向283,female,22,向.玫@example.com,https://uinames.com/api/photos/female/6.jpg,China
Jacqueline,Fields,Fields88}},Jacqueline183,female,31,jacqueline_88@example.com,https://uinames.com/api/photos/female/14.jpg,United States
Filofteia,Tămaș,Tămaș85==,Filofteia692,female,34,filofteia_85@example.com,https://uinames.com/api/photos/female/24.jpg,Romania
Aimee,Clarke,Clarke92&!,Aimee315,female,27,aimee_clarke@example.com,https://uinames.com/api/photos/female/23.jpg,England
Laura,Lojek,Lojek92&{,Laura116,female,27,lauralojek@example.com,https://uinames.com/api/photos/female/20.jpg,Slovakia
Mariana,Barna,Barna86+!,Mariana915,female,33,mariana_86@example.com,https://uinames.com/api/photos/female/24.jpg,Romania
Shirley,Gordon,Gordon84~),Shirley246,female,35,shirley84@example.com,https://uinames.com/api/photos/female/11.jpg,United States
Barsha,Nakarmi,Nakarmi88!*,Barsha697,female,31,barsha-88@example.com,https://uinames.com/api/photos/female/12.jpg,Nepal
Wágner,Ramóna,Ramóna93&&,Wágner138,female,26,wágner_93@example.com,https://uinames.com/api/photos/female/17.jpg,Hungary
Kanti,Deuba,Deuba91{~,Kanti770,female,28,kantideuba@example.com,https://uinames.com/api/photos/female/26.jpg,Nepal
Josefina,Delgado,Delgado98{$,Josefina689,female,21,josefina_98@example.com,https://uinames.com/api/photos/female/14.jpg,Mexico
Eva,Filipescu,Filipescu84}#,Eva614,female,35,eva84@example.com,https://uinames.com/api/photos/female/25.jpg,Romania
Vanesa,Lukáč,Lukáč83^{,Vanesa915,female,36,vanesa_83@example.com,https://uinames.com/api/photos/female/6.jpg,Slovakia
Sarita,Maskey,Maskey89%!,Sarita692,female,30,sarita89@example.com,https://uinames.com/api/photos/female/5.jpg,Nepal
Agripina,Covaci,Covaci86&,Agripina172,female,33,agripina-86@example.com,https://uinames.com/api/photos/female/6.jpg,Romania
Patricia,Watkins,Watkins91~},Patricia767,female,28,patricia_91@example.com,https://uinames.com/api/photos/female/17.jpg,United States
Amber,Brewer,Brewer93{%,Amber535,female,26,amber-brewer@example.com,https://uinames.com/api/photos/female/5.jpg,United States
Hannah,Jones,Jones95}!,Hannah968,female,24,hannah.jones@example.com,https://uinames.com/api/photos/female/16.jpg,England
Lisa,Parker,Parker98^$,Lisa774,female,21,lisa-parker@example.com,https://uinames.com/api/photos/female/6.jpg,United States
Natálie,Radecki,Radecki98)=,Natálie445,female,21,natálie98@example.com,https://uinames.com/api/photos/female/24.jpg,Czech Republic
Σοφία,Κολιάτσος,Κολιάτσος95@@,Σοφία341,female,24,Σοφία95@example.com,https://uinames.com/api/photos/female/18.jpg,Greece
شمة,الحصيني,الحصيني98~*,شمة413,female,21,شمة-98@example.com,https://uinames.com/api/photos/female/21.jpg,Saudi Arabia
,Rosa María Cruz,RosaMaríaCruz90=^,249,female,29,90@example.com,https://uinames.com/api/photos/female/7.jpg,Spain
Rosta,Ibolya,Ibolya95^#,Rosta945,female,24,rosta-ibolya@example.com,https://uinames.com/api/photos/female/21.jpg,Hungary
Мария,Фоминa,Фоминa85=+,Мария967,female,34,Мария85@example.com,https://uinames.com/api/photos/female/25.jpg,Russia
Sunita,Shakya,Shakya92)$,Sunita835,female,27,sunita92@example.com,https://uinames.com/api/photos/female/19.jpg,Nepal
Imogen,Patel,Patel92@),Imogen206,female,27,imogen-patel@example.com,https://uinames.com/api/photos/female/23.jpg,England
Makai,Evelin,Evelin87$@,Makai910,female,32,makai-evelin@example.com,https://uinames.com/api/photos/female/2.jpg,Hungary
Emily,McKenzie,McKenzie93*=,Emily932,female,26,emily93@example.com,https://uinames.com/api/photos/female/11.jpg,New Zealand
Hatvani,Erzsébet,Erzsébet96=!,Hatvani754,female,23,hatvani_96@example.com,https://uinames.com/api/photos/female/12.jpg,Hungary
Aachal,Jha,Jha88%^,Aachal656,female,31,aachal-jha@example.com,https://uinames.com/api/photos/female/18.jpg,Nepal
Carla,Petruș,Petruș96@&,Carla768,female,23,carla_96@example.com,https://uinames.com/api/photos/female/11.jpg,Romania
Milena,Bărlea,Bărlea85),Milena435,female,34,milena85@example.com,https://uinames.com/api/photos/female/7.jpg,Romania
Dorli,Florianu,Florianu86#,Dorli510,female,33,dorli_86@example.com,https://uinames.com/api/photos/female/24.jpg,Romania
Irena,Šoltýs,Šoltýs90$^,Irena626,female,29,irena90@example.com,https://uinames.com/api/photos/female/1.jpg,Slovakia
Dana,Bednár,Bednár98*+,Dana625,female,21,danabednár@example.com,https://uinames.com/api/photos/female/24.jpg,Slovakia
Lea,Ziegler,Ziegler95@=,Lea591,female,24,lea_ziegler@example.com,https://uinames.com/api/photos/female/7.jpg,Germany
Eusebia,Măzărachi,Măzărachi93&*,Eusebia636,female,26,eusebia_93@example.com,https://uinames.com/api/photos/female/3.jpg,Romania
Sofia,Lewis,Lewis92*_,Sofia604,female,27,sofia.lewis@example.com,https://uinames.com/api/photos/female/20.jpg,England
Tulsi,Pantha,Pantha89_=,Tulsi283,female,30,tulsi-pantha@example.com,https://uinames.com/api/photos/female/6.jpg,Nepal
Nilüfer Yavuz,,86_,Nilüfer Yavuz799,female,33,nilüfer yavuz86@example.com,https://uinames.com/api/photos/female/19.jpg,Turkey
Eylül,Güler,Güler93*_,Eylül140,female,26,eylül_93@example.com,https://uinames.com/api/photos/female/25.jpg,Turkey
Anamaria,Cupșa,Cupșa95)_,Anamaria873,female,24,anamaria-95@example.com,https://uinames.com/api/photos/female/14.jpg,Romania
Diana,Grozescu,Grozescu93#*,Diana335,female,26,diana-93@example.com,https://uinames.com/api/photos/female/16.jpg,Romania
Marilyn,Phillips,Phillips94_*,Marilyn238,female,25,marilyn94@example.com,https://uinames.com/api/photos/female/26.jpg,United States
Μαρία,Ζερβός,Ζερβός84$!,Μαρία727,female,35,Μαρία_84@example.com,https://uinames.com/api/photos/female/21.jpg,Greece
Nisha,Pudasaini,Pudasaini94%@,Nisha545,female,25,nisha-94@example.com,https://uinames.com/api/photos/female/7.jpg,Nepal
Ελίνα,Κρεστενίτης,Κρεστενίτης97(=,Ελίνα415,female,22,Ελίνα-97@example.com,https://uinames.com/api/photos/female/13.jpg,Greece
Georgia,Marshall,Marshall94=#,Georgia831,female,25,georgia_94@example.com,https://uinames.com/api/photos/female/23.jpg,New Zealand
Caterina,Farina,Farina95$%,Caterina616,female,24,caterina-95@example.com,https://uinames.com/api/photos/female/4.jpg,Italy
