firstname,lastname,password,screenname,gender,age,email,photo,region
Luka,Nišić,Nišić92@*,Luka898,male,27,lukanišić@example.com,https://uinames.com/api/photos/male/8.jpg,Bosnia and Herzegovina
Ráduly,Lázár,Lázár91{,Ráduly252,male,28,ráduly91@example.com,https://uinames.com/api/photos/male/2.jpg,Hungary
Ηγησίας,Γιάγκος,Γιάγκος87$#,Ηγησίας548,male,32,Ηγησίας-87@example.com,https://uinames.com/api/photos/male/12.jpg,Greece
Λεωνίδας,Ταρσούλη,Ταρσούλη97_%,Λεωνίδας211,male,22,Λεωνίδας97@example.com,https://uinames.com/api/photos/male/20.jpg,Greece
Joshua,Stone,Stone90^=,Joshua511,male,29,joshuastone@example.com,https://uinames.com/api/photos/male/19.jpg,United States
Ronald,James,James97~%,Ronald855,male,22,ronald.james@example.com,https://uinames.com/api/photos/male/14.jpg,United States
Jorge,Barron,Barron84#*,Jorge332,male,35,jorgebarron@example.com,https://uinames.com/api/photos/male/17.jpg,Mexico
Δημήτριος,Αλαβάνος,Αλαβάνος94&$,Δημήτριος710,male,25,Δημήτριος-94@example.com,https://uinames.com/api/photos/male/2.jpg,Greece
Andrew,Lacy,Lacy91{#,Andrew405,male,28,andrew-lacy@example.com,https://uinames.com/api/photos/male/4.jpg,New Zealand
Marten,Jakovlev,Jakovlev98##,Marten902,male,21,marten_98@example.com,https://uinames.com/api/photos/male/20.jpg,Estonia
Titus,Popoviciu,Popoviciu97*$,Titus898,male,22,titus_97@example.com,https://uinames.com/api/photos/male/9.jpg,Romania
Kamil,Malina,Malina90#!,Kamil552,male,29,kamil.malina@example.com,https://uinames.com/api/photos/male/11.jpg,Slovakia
Tudor,Dinulescu,Dinulescu98+(,Tudor898,male,21,tudor-98@example.com,https://uinames.com/api/photos/male/18.jpg,Romania
Markus,Koppel,Koppel95^),Markus852,male,24,markus95@example.com,https://uinames.com/api/photos/male/20.jpg,Estonia
Theodor,Lăzăreanu,Lăzăreanu97~{,Theodor718,male,22,theodor_97@example.com,https://uinames.com/api/photos/male/9.jpg,Romania
,José Ramón Domínguez,JoséRamónDomínguez95~^,777,male,24,-95@example.com,https://uinames.com/api/photos/male/8.jpg,Spain
Eusebiu,Papacioc,Papacioc97}(,Eusebiu406,male,22,eusebiu-97@example.com,https://uinames.com/api/photos/male/6.jpg,Romania
Ondrej,Krupa,Krupa85~),Ondrej783,male,34,ondrejkrupa@example.com,https://uinames.com/api/photos/male/7.jpg,Slovakia
Lucențiu,Mureșanu,Mureșanu92},Lucențiu350,male,27,lucențiu92@example.com,https://uinames.com/api/photos/male/2.jpg,Romania
Bohumír,Mlynár,Mlynár86+!,Bohumír617,male,33,bohumír-86@example.com,https://uinames.com/api/photos/male/20.jpg,Slovakia
Lut,Koçhisar,Koçhisar85%{,Lut730,male,34,lut-85@example.com,https://uinames.com/api/photos/male/12.jpg,Turkey
Teodor,Veterník,Veterník97{&,Teodor546,male,22,teodor-97@example.com,https://uinames.com/api/photos/male/20.jpg,Slovakia
Maxim,Posteucă,Posteucă93#$,Maxim911,male,26,maxim_93@example.com,https://uinames.com/api/photos/male/4.jpg,Romania
Phoenix,Dexter,Dexter90@&,Phoenix474,male,29,phoenix90@example.com,https://uinames.com/api/photos/male/11.jpg,New Zealand
Nicu,Badea,Badea85^=,Nicu366,male,34,nicu.badea@example.com,https://uinames.com/api/photos/male/4.jpg,Romania
Raul,Cardaș,Cardaș91^+,Raul109,male,28,raul_cardaș@example.com,https://uinames.com/api/photos/male/2.jpg,Romania
Sandu,Muraru,Muraru93%+,Sandu826,male,26,sandu.muraru@example.com,https://uinames.com/api/photos/male/13.jpg,Romania
Haralamb,Corvin,Corvin97@,Haralamb982,male,22,haralamb_97@example.com,https://uinames.com/api/photos/male/12.jpg,Romania
Nurali,Ramilov,Ramilov92}@,Nurali603,male,27,nurali_92@example.com,https://uinames.com/api/photos/male/15.jpg,Kyrgyz Republic
Igor,Jančo,Jančo95_(,Igor782,male,24,igor_jančo@example.com,https://uinames.com/api/photos/male/16.jpg,Slovakia
Gerald,Black,Black90&~,Gerald829,male,29,gerald-black@example.com,https://uinames.com/api/photos/male/14.jpg,United States
Serkan,Üstün,Üstün93#@,Serkan109,male,26,serkan-93@example.com,https://uinames.com/api/photos/male/19.jpg,Turkey
Henry,Bish,Bish92~!,Henry949,male,27,henry-bish@example.com,https://uinames.com/api/photos/male/10.jpg,New Zealand
Scott,Saunders,Saunders86~^,Scott493,male,33,scott_86@example.com,https://uinames.com/api/photos/male/6.jpg,England
Samat,Askaraliev,Askaraliev84%@,Samat812,male,35,samat_84@example.com,https://uinames.com/api/photos/male/2.jpg,Kyrgyz Republic
Szymon,Mróz,Mróz83)},Szymon106,male,36,szymon_mróz@example.com,https://uinames.com/api/photos/male/19.jpg,Poland
Վազգեն,Հակոբյան,Հակոբյան85~!,Վազգեն265,male,34,Վազգեն_85@example.com,https://uinames.com/api/photos/male/9.jpg,Armenia
Cyril,Tomko,Tomko93!,Cyril789,male,26,cyril-tomko@example.com,https://uinames.com/api/photos/male/4.jpg,Slovakia
Müslüm,Kocaman,Kocaman89^!,Müslüm134,male,30,müslüm89@example.com,https://uinames.com/api/photos/male/19.jpg,Turkey
Darko,Balašević,Balašević93{=,Darko903,male,26,darko93@example.com,https://uinames.com/api/photos/male/17.jpg,Bosnia and Herzegovina
Patrick,Durey,Durey85_*,Patrick237,male,34,patrick_85@example.com,https://uinames.com/api/photos/male/11.jpg,New Zealand
Nádasdi,Dániel,Dániel92~&,Nádasdi408,male,27,nádasdi-92@example.com,https://uinames.com/api/photos/male/4.jpg,Hungary
Krzysztof,Marciniak,Marciniak92#,Krzysztof141,male,27,krzysztof-92@example.com,https://uinames.com/api/photos/male/11.jpg,Poland
Gabriel,Nottara,Nottara98!&,Gabriel362,male,21,gabriel98@example.com,https://uinames.com/api/photos/male/17.jpg,Romania
Aakash,Pudasaini,Pudasaini91##,Aakash692,male,28,aakash91@example.com,https://uinames.com/api/photos/male/7.jpg,Nepal
Κυπάρισσος,Ιωάννου,Ιωάννου96*!,Κυπάρισσος151,male,23,Κυπάρισσος96@example.com,https://uinames.com/api/photos/male/14.jpg,Greece
Jaromír,Kostka,Kostka91^=,Jaromír800,male,28,jaromír91@example.com,https://uinames.com/api/photos/male/7.jpg,Slovakia
Jordan,Tripp,Tripp89(_,Jordan837,male,30,jordan_tripp@example.com,https://uinames.com/api/photos/male/14.jpg,New Zealand
Kaleb,Johnston,Johnston91#+,Kaleb523,male,28,kaleb91@example.com,https://uinames.com/api/photos/male/20.jpg,New Zealand
Nicolae,Tatomirescu,Tatomirescu96&%,Nicolae128,male,23,nicolae_96@example.com,https://uinames.com/api/photos/male/13.jpg,Romania
钟,福,福92=_,钟403,male,27,钟.福@example.com,https://uinames.com/api/photos/male/6.jpg,China
Mándi,Ödön,Ödön97*!,Mándi230,male,22,mándi97@example.com,https://uinames.com/api/photos/male/3.jpg,Hungary
Chu,Ái,Ái91+},Chu719,male,28,chu-Ái@example.com,https://uinames.com/api/photos/male/8.jpg,Vietnam
Cihan,Şahin,Şahin90!+,Cihan443,male,29,cihan_Şahin@example.com,https://uinames.com/api/photos/male/6.jpg,Turkey
Nejc,Košir,Košir97^+,Nejc962,male,22,nejc-košir@example.com,https://uinames.com/api/photos/male/10.jpg,Slovenia
Szalma,Raimond,Raimond91+%,Szalma613,male,28,szalma91@example.com,https://uinames.com/api/photos/male/20.jpg,Hungary
Sergej,Abrahám,Abrahám87{+,Sergej462,male,32,sergej87@example.com,https://uinames.com/api/photos/male/14.jpg,Slovakia
Arthur,Dean,Dean91*%,Arthur838,male,28,arthur.dean@example.com,https://uinames.com/api/photos/male/7.jpg,United States
Aji,Fauziah,Fauziah92__,Aji629,male,27,aji_fauziah@example.com,https://uinames.com/api/photos/male/12.jpg,Indonesia
Haralamb,Cuza,Cuza88!(,Haralamb774,male,31,haralamb-88@example.com,https://uinames.com/api/photos/male/1.jpg,Romania
Ευμένης,Κολιάτσος,Κολιάτσος91&=,Ευμένης515,male,28,Ευμένης_91@example.com,https://uinames.com/api/photos/male/5.jpg,Greece
حسين,الربيش,الربيش88*!,حسين537,male,31,حسين88@example.com,https://uinames.com/api/photos/male/5.jpg,Saudi Arabia
斎藤,英樹,英樹94=@,斎藤446,male,25,斎藤_94@example.com,https://uinames.com/api/photos/male/13.jpg,Japan
Vlad,Sabău,Sabău88}&,Vlad554,male,31,vlad_sabău@example.com,https://uinames.com/api/photos/male/13.jpg,Romania
Svein,Henriksen,Henriksen90^%,Svein731,male,29,svein90@example.com,https://uinames.com/api/photos/male/2.jpg,Norway
Arttu,Laine,Laine91%&,Arttu195,male,28,arttu.laine@example.com,https://uinames.com/api/photos/male/5.jpg,Finland
Romeo,Olănescu,Olănescu87&^,Romeo739,male,32,romeo_87@example.com,https://uinames.com/api/photos/male/1.jpg,Romania
Axinte,Bărlâdeanu,Bărlâdeanu87%$,Axinte196,male,32,axinte87@example.com,https://uinames.com/api/photos/male/18.jpg,Romania
,علی رضا صیادی,علیرضاصیادی84@$,133,male,35,_84@example.com,https://uinames.com/api/photos/male/17.jpg,Iran
Mikuláš,Truben,Truben88{,Mikuláš909,male,31,mikuláš-88@example.com,https://uinames.com/api/photos/male/8.jpg,Slovakia
Nicodim,Florianu,Florianu89)$,Nicodim318,male,30,nicodim-89@example.com,https://uinames.com/api/photos/male/20.jpg,Romania
,Marco Antonio Castellanos,MarcoAntonioCastellanos91%},257,male,28,_91@example.com,https://uinames.com/api/photos/male/8.jpg,Mexico
Kevin,Schultz,Schultz92&=,Kevin361,male,27,kevin_92@example.com,https://uinames.com/api/photos/male/20.jpg,United States
Λυσικλής,Ουζουνίδης,Ουζουνίδης95~~,Λυσικλής453,male,24,Λυσικλής95@example.com,https://uinames.com/api/photos/male/14.jpg,Greece
後藤,大介,大介95^},後藤241,male,24,後藤_95@example.com,https://uinames.com/api/photos/male/7.jpg,Japan
Adonis,Pârvu,Pârvu85+{,Adonis210,male,34,adonis-85@example.com,https://uinames.com/api/photos/male/2.jpg,Romania
Martin,Vasseur,Vasseur85}%,Martin143,male,34,martin-85@example.com,https://uinames.com/api/photos/male/17.jpg,France
Pompiliu,Movilă,Movilă84{^,Pompiliu498,male,35,pompiliu84@example.com,https://uinames.com/api/photos/male/7.jpg,Romania
Petruț,Celibidache,Celibidache87!),Petruț539,male,32,petruț_87@example.com,https://uinames.com/api/photos/male/7.jpg,Romania
Ramazan,Mustafa,Mustafa86}(,Ramazan971,male,33,ramazan_86@example.com,https://uinames.com/api/photos/male/13.jpg,Turkey
Igor,Szulc,Szulc94&!,Igor373,male,25,igor-szulc@example.com,https://uinames.com/api/photos/male/8.jpg,Poland
Валентин,Галкин,Галкин91*_,Валентин423,male,28,Валентин_91@example.com,https://uinames.com/api/photos/male/20.jpg,Russia
Vinícius,Correia,Correia97*},Vinícius359,male,22,vinícius_97@example.com,https://uinames.com/api/photos/male/9.jpg,Brazil
Атанас,ГЕОРГИЕВА,ГЕОРГИЕВА96##,Атанас457,male,23,Атанас_96@example.com,https://uinames.com/api/photos/male/4.jpg,Bulgaria
Mohit,Ranjitkar,Ranjitkar97)*,Mohit592,male,22,mohit_97@example.com,https://uinames.com/api/photos/male/9.jpg,Nepal
吕,祥,祥89}&,吕500,male,30,吕-祥@example.com,https://uinames.com/api/photos/male/3.jpg,China
Arnold,Moravčík,Moravčík98$+,Arnold866,male,21,arnold98@example.com,https://uinames.com/api/photos/male/9.jpg,Slovakia
Yanis,Millet,Millet95@+,Yanis694,male,24,yanis_millet@example.com,https://uinames.com/api/photos/male/7.jpg,France
Cristofor,Botnaru,Botnaru93(,Cristofor796,male,26,cristofor-93@example.com,https://uinames.com/api/photos/male/6.jpg,Romania
Jacob,Paulin,Paulin94^^,Jacob956,male,25,jacob-paulin@example.com,https://uinames.com/api/photos/male/12.jpg,New Zealand
Dan,Lambru,Lambru89${,Dan185,male,30,dan.lambru@example.com,https://uinames.com/api/photos/male/20.jpg,Romania
Benone,Petruș,Petruș86$,Benone495,male,33,benone_86@example.com,https://uinames.com/api/photos/male/3.jpg,Romania
Willie,Harris,Harris92=~,Willie390,male,27,willie_92@example.com,https://uinames.com/api/photos/male/14.jpg,United States
Václav,Hrušovský,Hrušovský89++,Václav450,male,30,václav-89@example.com,https://uinames.com/api/photos/male/8.jpg,Slovakia
Théo,Chevalier,Chevalier92~%,Théo442,male,27,théo-92@example.com,https://uinames.com/api/photos/male/4.jpg,France
Daan van,Loon,Loon94#,Daan van696,male,25,daan van-94@example.com,https://uinames.com/api/photos/male/17.jpg,Netherlands
Francesco,Gentile,Gentile87+&,Francesco438,male,32,francesco-87@example.com,https://uinames.com/api/photos/male/14.jpg,Italy
Münir,İlhan,İlhan83~},Münir769,male,36,münir-83@example.com,https://uinames.com/api/photos/male/5.jpg,Turkey
Nicolás,Macías,Macías85!_,Nicolás500,male,34,nicolás_85@example.com,https://uinames.com/api/photos/male/16.jpg,Mexico
Benone,Țîrle,Țîrle91(%,Benone343,male,28,benone_91@example.com,https://uinames.com/api/photos/male/2.jpg,Romania
Μάξιμος,Δημητρακόπουλος,Δημητρακόπουλος90^,Μάξιμος693,male,29,Μάξιμος_90@example.com,https://uinames.com/api/photos/male/11.jpg,Greece
Makula,Rudolf,Rudolf86%^,Makula547,male,33,makula86@example.com,https://uinames.com/api/photos/male/19.jpg,Hungary
Silviu,Câmpeanu,Câmpeanu86@,Silviu648,male,33,silviu86@example.com,https://uinames.com/api/photos/male/11.jpg,Romania
Lică,Bărlâdeanu,Bărlâdeanu88_@,Lică348,male,31,lică88@example.com,https://uinames.com/api/photos/male/10.jpg,Romania
Μέμνων,Ιωαννίδης,Ιωαννίδης86!$,Μέμνων942,male,33,Μέμνων_86@example.com,https://uinames.com/api/photos/male/10.jpg,Greece
Nurali,Samaghanov,Samaghanov83&},Nurali158,male,36,nurali_83@example.com,https://uinames.com/api/photos/male/4.jpg,Kyrgyz Republic
Norbert,Raksi,Raksi92$,Norbert291,male,27,norbert92@example.com,https://uinames.com/api/photos/male/6.jpg,Romania
Erick,Melo,Melo92+=,Erick489,male,27,erick_melo@example.com,https://uinames.com/api/photos/male/12.jpg,Brazil
Κτησιφών,Πολίτης,Πολίτης94!~,Κτησιφών117,male,25,Κτησιφών_94@example.com,https://uinames.com/api/photos/male/14.jpg,Greece
Zagyva,Viktor,Viktor84!%,Zagyva870,male,35,zagyva_84@example.com,https://uinames.com/api/photos/male/4.jpg,Hungary
Luis,Montiel,Montiel88^+,Luis918,male,31,luis.montiel@example.com,https://uinames.com/api/photos/male/2.jpg,Mexico
Διομήδης,Ζέρβας,Ζέρβας90}#,Διομήδης733,male,29,Διομήδης90@example.com,https://uinames.com/api/photos/male/17.jpg,Greece
Miguel,Ramos,Ramos97}),Miguel544,male,22,miguelramos@example.com,https://uinames.com/api/photos/male/12.jpg,Portugal
Hugo,Tapia,Tapia92_%,Hugo864,male,27,hugotapia@example.com,https://uinames.com/api/photos/male/5.jpg,Mexico
Florentin,Moculescu,Moculescu84(!,Florentin261,male,35,florentin84@example.com,https://uinames.com/api/photos/male/18.jpg,Romania
Liviu,Șoitu,Șoitu89=(,Liviu666,male,30,liviuȘoitu@example.com,https://uinames.com/api/photos/male/10.jpg,Romania
Κλεομένης,Αβραμίδης,Αβραμίδης85((,Κλεομένης239,male,34,Κλεομένης_85@example.com,https://uinames.com/api/photos/male/13.jpg,Greece
Viliam,Riško,Riško97$%,Viliam390,male,22,viliam-97@example.com,https://uinames.com/api/photos/male/15.jpg,Slovakia
Remus,Moscopol,Moscopol91$(,Remus561,male,28,remus91@example.com,https://uinames.com/api/photos/male/4.jpg,Romania
Denis,Toderaș,Toderaș95{^,Denis273,male,24,denis-95@example.com,https://uinames.com/api/photos/male/13.jpg,Romania
Αρχέλαος,Γαλάνης,Γαλάνης89%_,Αρχέλαος154,male,30,Αρχέλαος89@example.com,https://uinames.com/api/photos/male/10.jpg,Greece
גלעד,לוי,לוי97%*,גלעד387,male,22,גלעד-97@example.com,https://uinames.com/api/photos/male/12.jpg,Israel
Danh,Thái,Thái90#,Danh521,male,29,danh.thái@example.com,https://uinames.com/api/photos/male/19.jpg,Vietnam
Brăduț,Uglar,Uglar95@^,Brăduț958,male,24,brăduț-95@example.com,https://uinames.com/api/photos/male/4.jpg,Romania
Hikmet,İlhan,İlhan96&^,Hikmet842,male,23,hikmet-96@example.com,https://uinames.com/api/photos/male/8.jpg,Turkey
Εύδοξος,Κουρμούλης,Κουρμούλης88&#,Εύδοξος816,male,31,Εύδοξος88@example.com,https://uinames.com/api/photos/male/15.jpg,Greece
Konštantín,Medveď,Medveď93^+,Konštantín674,male,26,konštantín_93@example.com,https://uinames.com/api/photos/male/7.jpg,Slovakia
Ιπποκράτης,Παπαντωνίου,Παπαντωνίου98$#,Ιπποκράτης941,male,21,Ιπποκράτης-98@example.com,https://uinames.com/api/photos/male/13.jpg,Greece
Florin,Moța,Moța95&),Florin464,male,24,florin_moța@example.com,https://uinames.com/api/photos/male/20.jpg,Romania
Constant,Bourgeois,Bourgeois89$(,Constant738,male,30,constant-89@example.com,https://uinames.com/api/photos/male/19.jpg,France
Muammer,Denizaşan,Denizaşan88~%,Muammer935,male,31,muammer88@example.com,https://uinames.com/api/photos/male/18.jpg,Turkey
Remus,Agârbiceanu,Agârbiceanu98$(,Remus904,male,21,remus98@example.com,https://uinames.com/api/photos/male/17.jpg,Romania
Horea,Bercu,Bercu92)$,Horea941,male,27,horea.bercu@example.com,https://uinames.com/api/photos/male/18.jpg,Romania
Doru,Giulian,Giulian86~_,Doru283,male,33,doru_giulian@example.com,https://uinames.com/api/photos/male/15.jpg,Romania
Emilian,Lobonț,Lobonț86^(,Emilian520,male,33,emilian-86@example.com,https://uinames.com/api/photos/male/3.jpg,Romania
Petru,Petruș,Petruș93{#,Petru286,male,26,petru-93@example.com,https://uinames.com/api/photos/male/14.jpg,Romania
František,Margita,Margita96(&,František927,male,23,františek-96@example.com,https://uinames.com/api/photos/male/18.jpg,Slovakia
Nazif,Ergon,Ergon90(),Nazif262,male,29,nazif-ergon@example.com,https://uinames.com/api/photos/male/12.jpg,Turkey
Σωτήριος,Ασπάσιος,Ασπάσιος97@{,Σωτήριος152,male,22,Σωτήριος-97@example.com,https://uinames.com/api/photos/male/9.jpg,Greece
Ctibor,Petruška,Petruška98=_,Ctibor672,male,21,ctibor-98@example.com,https://uinames.com/api/photos/male/5.jpg,Slovakia
Alfréd,Marcinek,Marcinek90&#,Alfréd662,male,29,alfréd90@example.com,https://uinames.com/api/photos/male/13.jpg,Slovakia
Πτολεμαίος,Τοκατλίδης,Τοκατλίδης94$(,Πτολεμαίος929,male,25,Πτολεμαίος94@example.com,https://uinames.com/api/photos/male/12.jpg,Greece
Hatvani,Barnabás,Barnabás91+},Hatvani769,male,28,hatvani-91@example.com,https://uinames.com/api/photos/male/19.jpg,Hungary
Oliver,Pelikán,Pelikán97==,Oliver560,male,22,oliver-97@example.com,https://uinames.com/api/photos/male/11.jpg,Slovakia
Δαμιανός,Δαμασκηνός,Δαμασκηνός92=),Δαμιανός241,male,27,Δαμιανός-92@example.com,https://uinames.com/api/photos/male/11.jpg,Greece
Gregory,Holland,Holland93$!,Gregory182,male,26,gregory-93@example.com,https://uinames.com/api/photos/male/13.jpg,United States
Ռուբեն,Թումանյան,Թումանյան86=!,Ռուբեն839,male,33,Ռուբեն_86@example.com,https://uinames.com/api/photos/male/6.jpg,Armenia
Marius,Bădulescu,Bădulescu97&),Marius336,male,22,marius-97@example.com,https://uinames.com/api/photos/male/18.jpg,Romania
Nuri,Andi,Andi89{+,Nuri685,male,30,nuri.andi@example.com,https://uinames.com/api/photos/male/13.jpg,Turkey
Erkki,Kivelä,Kivelä97^(,Erkki900,male,22,erkki97@example.com,https://uinames.com/api/photos/male/2.jpg,Finland
Olimpian,Săceanu,Săceanu85}=,Olimpian151,male,34,olimpian_85@example.com,https://uinames.com/api/photos/male/10.jpg,Romania
Λυσικλής,Αντωνοπούλου,Αντωνοπούλου95^(,Λυσικλής125,male,24,Λυσικλής95@example.com,https://uinames.com/api/photos/male/20.jpg,Greece
Felix,Peters,Peters90^(,Felix271,male,29,felix-peters@example.com,https://uinames.com/api/photos/male/18.jpg,Germany
Aleodor,Bodnăraș,Bodnăraș93%*,Aleodor335,male,26,aleodor93@example.com,https://uinames.com/api/photos/male/12.jpg,Romania
Simion,Brumaru,Brumaru94!_,Simion543,male,25,simion-94@example.com,https://uinames.com/api/photos/male/15.jpg,Romania
Binod,Koirala,Koirala90=#,Binod649,male,29,binod-90@example.com,https://uinames.com/api/photos/male/10.jpg,Nepal
Dacian,Cihac,Cihac84+%,Dacian921,male,35,dacian.cihac@example.com,https://uinames.com/api/photos/male/10.jpg,Romania
Giorgian,Grozescu,Grozescu93!^,Giorgian717,male,26,giorgian93@example.com,https://uinames.com/api/photos/male/16.jpg,Romania
Martin,Huet,Huet94$^,Martin261,male,25,martin_huet@example.com,https://uinames.com/api/photos/male/15.jpg,France
Prakash,Budathoki,Budathoki86{=,Prakash908,male,33,prakash_86@example.com,https://uinames.com/api/photos/male/15.jpg,Nepal
Mikuláš,Mišík,Mišík95=~,Mikuláš189,male,24,mikuláš-95@example.com,https://uinames.com/api/photos/male/11.jpg,Slovakia
Peter,Šimko,Šimko94@{,Peter283,male,25,peter-Šimko@example.com,https://uinames.com/api/photos/male/12.jpg,Slovakia
علی,نامور,نامور84&~,علی514,male,35,علی84@example.com,https://uinames.com/api/photos/male/15.jpg,Iran
Miroslav,Majeský,Majeský89~),Miroslav707,male,30,miroslav_89@example.com,https://uinames.com/api/photos/male/19.jpg,Slovakia
肖,若,若90{$,肖698,male,29,肖.若@example.com,https://uinames.com/api/photos/male/5.jpg,China
Zeno,Dobrescu,Dobrescu88*},Zeno755,male,31,zeno-88@example.com,https://uinames.com/api/photos/male/13.jpg,Romania
Bystrík,Bartoš,Bartoš94_~,Bystrík290,male,25,bystrík-94@example.com,https://uinames.com/api/photos/male/16.jpg,Slovakia
Sziklai,Kornél,Kornél94=$,Sziklai256,male,25,sziklai94@example.com,https://uinames.com/api/photos/male/13.jpg,Hungary
Vương,Lâm,Lâm97^^,Vương392,male,22,vươnglâm@example.com,https://uinames.com/api/photos/male/17.jpg,Vietnam
Aurel,Lipatti,Lipatti86!&,Aurel621,male,33,aurel_86@example.com,https://uinames.com/api/photos/male/2.jpg,Romania
Sanjiv,Saud,Saud96#=,Sanjiv483,male,23,sanjivsaud@example.com,https://uinames.com/api/photos/male/12.jpg,Nepal
Seitek,Abdulaev,Abdulaev88)!,Seitek808,male,31,seitek-88@example.com,https://uinames.com/api/photos/male/12.jpg,Kyrgyz Republic
Ștefan,Moscopol,Moscopol88$~,Ștefan469,male,31,Ștefan_88@example.com,https://uinames.com/api/photos/male/8.jpg,Romania
Horia,Hălmăgeanu,Hălmăgeanu89{_,Horia461,male,30,horia89@example.com,https://uinames.com/api/photos/male/18.jpg,Romania
Adrien,Charles,Charles91(%,Adrien612,male,28,adrien91@example.com,https://uinames.com/api/photos/male/3.jpg,France
Глеб,Алексеев,Алексеев98@),Глеб333,male,21,Глеб98@example.com,https://uinames.com/api/photos/male/19.jpg,Russia
Amedeu,Almășan,Almășan97$,Amedeu273,male,22,amedeu97@example.com,https://uinames.com/api/photos/male/15.jpg,Romania
Arian,Moscopol,Moscopol88%=,Arian508,male,31,arian88@example.com,https://uinames.com/api/photos/male/17.jpg,Romania
Лев,Николаев,Николаев85%=,Лев820,male,34,Лев_85@example.com,https://uinames.com/api/photos/male/7.jpg,Russia
Dorin,Hrușcă,Hrușcă92@*,Dorin980,male,27,dorin-92@example.com,https://uinames.com/api/photos/male/4.jpg,Romania
Daróczi,Ernő,Ernő89{~,Daróczi476,male,30,daróczi89@example.com,https://uinames.com/api/photos/male/12.jpg,Hungary
Richard,Mitchell,Mitchell95%},Richard499,male,24,richard_95@example.com,https://uinames.com/api/photos/male/13.jpg,United States
Petru,Bârcă,Bârcă87&,Petru528,male,32,petru-87@example.com,https://uinames.com/api/photos/male/15.jpg,Romania
Sava,Adamescu,Adamescu86$!,Sava113,male,33,sava_86@example.com,https://uinames.com/api/photos/male/13.jpg,Romania
Adelin,Uglar,Uglar93)%,Adelin582,male,26,adelinuglar@example.com,https://uinames.com/api/photos/male/6.jpg,Romania
Yasha,Berger,Berger84%,Yasha572,male,35,yasha_berger@example.com,https://uinames.com/api/photos/male/14.jpg,Germany
محمد,زارعی,زارعی87#=,محمد672,male,32,محمد_87@example.com,https://uinames.com/api/photos/male/7.jpg,Iran
Sorin,Hălmăgeanu,Hălmăgeanu89#~,Sorin817,male,30,sorin89@example.com,https://uinames.com/api/photos/male/13.jpg,Romania
Henry,Bouchard,Bouchard84)),Henry485,male,35,henry_84@example.com,https://uinames.com/api/photos/male/5.jpg,Canada
Klement,Janča,Janča94(,Klement880,male,25,klement_94@example.com,https://uinames.com/api/photos/male/15.jpg,Slovakia
Εύδοξος,Κανακάρης-Ρούφος,Κανακάρης-Ρούφος89*@,Εύδοξος377,male,30,Εύδοξος-89@example.com,https://uinames.com/api/photos/male/14.jpg,Greece
Brăduț,Sireteanu,Sireteanu95)%,Brăduț376,male,24,brăduț95@example.com,https://uinames.com/api/photos/male/9.jpg,Romania
Hajós,Nándor,Nándor89@#,Hajós810,male,30,hajós-89@example.com,https://uinames.com/api/photos/male/10.jpg,Hungary
Philip,Powell,Powell90@%,Philip407,male,29,philip90@example.com,https://uinames.com/api/photos/male/5.jpg,United States
Ignacio,Molina,Molina95{&,Ignacio924,male,24,ignacio95@example.com,https://uinames.com/api/photos/male/15.jpg,Mexico
امیرعباس,ملکیان,ملکیان95=$,امیرعباس404,male,24,امیرعباس_95@example.com,https://uinames.com/api/photos/male/20.jpg,Iran
Frederic,Bădulescu,Bădulescu91_(,Frederic723,male,28,frederic91@example.com,https://uinames.com/api/photos/male/3.jpg,Romania
Sallai,Zakariás,Zakariás96$_,Sallai927,male,23,sallai_96@example.com,https://uinames.com/api/photos/male/6.jpg,Hungary
Sebestyén,Kornél,Kornél87*%,Sebestyén112,male,32,sebestyén_87@example.com,https://uinames.com/api/photos/male/9.jpg,Hungary
Karl,Brandt,Brandt86__,Karl238,male,33,karlbrandt@example.com,https://uinames.com/api/photos/male/5.jpg,Germany
Олег,Панов,Панов84^{,Олег525,male,35,Олег-84@example.com,https://uinames.com/api/photos/male/4.jpg,Russia
Corvin,Mărginean,Mărginean92#),Corvin350,male,27,corvin-92@example.com,https://uinames.com/api/photos/male/15.jpg,Romania
Adrián,Pavko,Pavko90)$,Adrián285,male,29,adrián_90@example.com,https://uinames.com/api/photos/male/6.jpg,Slovakia
Dimitri,Monnier,Monnier84}},Dimitri668,male,35,dimitri84@example.com,https://uinames.com/api/photos/male/20.jpg,France
Δημόδοκος,Παπαδόπουλος,Παπαδόπουλος92)&,Δημόδοκος267,male,27,Δημόδοκος_92@example.com,https://uinames.com/api/photos/male/10.jpg,Greece
Traian,Alifantis,Alifantis98^&,Traian403,male,21,traian_98@example.com,https://uinames.com/api/photos/male/6.jpg,Romania
Rameshwor,Deuba,Deuba89__,Rameshwor621,male,30,rameshwor89@example.com,https://uinames.com/api/photos/male/9.jpg,Nepal
Miha,Horvat,Horvat97+^,Miha353,male,22,miha.horvat@example.com,https://uinames.com/api/photos/male/7.jpg,Slovenia
Angus,Hyde,Hyde84!(,Angus856,male,35,angushyde@example.com,https://uinames.com/api/photos/male/3.jpg,New Zealand
Guilherme,Morais,Morais87&~,Guilherme979,male,32,guilherme87@example.com,https://uinames.com/api/photos/male/19.jpg,Brazil
Norbert,Edeleanu,Edeleanu93_},Norbert152,male,26,norbert93@example.com,https://uinames.com/api/photos/male/3.jpg,Romania
Ernest,Mărginean,Mărginean98#_,Ernest607,male,21,ernest_98@example.com,https://uinames.com/api/photos/male/11.jpg,Romania
Joaquín,Blanco,Blanco91={,Joaquín693,male,28,joaquín-91@example.com,https://uinames.com/api/photos/male/4.jpg,Argentina
Nuh,Şen,Şen86($,Nuh481,male,33,nuh.Şen@example.com,https://uinames.com/api/photos/male/10.jpg,Turkey
伊藤,大貴,大貴92)^,伊藤948,male,27,伊藤92@example.com,https://uinames.com/api/photos/male/7.jpg,Japan
Ben,Herrmann,Herrmann90#=,Ben317,male,29,ben.herrmann@example.com,https://uinames.com/api/photos/male/8.jpg,Germany
Codin,Bălan,Bălan84_^,Codin536,male,35,codin_bălan@example.com,https://uinames.com/api/photos/male/16.jpg,Romania
Anatolie,Gliga,Gliga97{_,Anatolie553,male,22,anatolie_97@example.com,https://uinames.com/api/photos/male/8.jpg,Romania
John,Nygård,Nygård96)@,John336,male,23,johnnygård@example.com,https://uinames.com/api/photos/male/16.jpg,Norway
Rubén,Medina,Medina91#$,Rubén779,male,28,rubén-91@example.com,https://uinames.com/api/photos/male/8.jpg,Mexico
Adam,Hague,Hague91}@,Adam805,male,28,adam.hague@example.com,https://uinames.com/api/photos/male/2.jpg,New Zealand
Edgar,Carmona,Carmona89^=,Edgar301,male,30,edgar_89@example.com,https://uinames.com/api/photos/male/3.jpg,Mexico
Mitică,Onoriu,Onoriu98^+,Mitică249,male,21,mitică98@example.com,https://uinames.com/api/photos/male/11.jpg,Romania
Mácsai,Jakab,Jakab85)},Mácsai799,male,34,mácsai85@example.com,https://uinames.com/api/photos/male/3.jpg,Hungary
Nicodim,Vatamanu,Vatamanu91,Nicodim159,male,28,nicodim-91@example.com,https://uinames.com/api/photos/male/2.jpg,Romania
Εύανδρος,Μακρής,Μακρής89$&,Εύανδρος437,male,30,Εύανδρος_89@example.com,https://uinames.com/api/photos/male/17.jpg,Greece
Dionýz,Filc,Filc92@#,Dionýz866,male,27,dionýzfilc@example.com,https://uinames.com/api/photos/male/3.jpg,Slovakia
Gabriel,Filc,Filc95^+,Gabriel761,male,24,gabriel.filc@example.com,https://uinames.com/api/photos/male/2.jpg,Slovakia
Anders,Haugen,Haugen91=^,Anders988,male,28,anders_91@example.com,https://uinames.com/api/photos/male/6.jpg,Norway
Muhammad,Sadozai,Sadozai93_@,Muhammad115,male,26,muhammad93@example.com,https://uinames.com/api/photos/male/12.jpg,Pakistan
Φαίδιμος,Καλλιγάς,Καλλιγάς91_+,Φαίδιμος409,male,28,Φαίδιμος-91@example.com,https://uinames.com/api/photos/male/15.jpg,Greece
Iustinian,Ivașcu,Ivașcu84~$,Iustinian184,male,35,iustinian_84@example.com,https://uinames.com/api/photos/male/19.jpg,Romania
Panagachie,Chirnoagă,Chirnoagă97+),Panagachie230,male,22,panagachie_97@example.com,https://uinames.com/api/photos/male/3.jpg,Romania
Blažej,Matiaško,Matiaško93~),Blažej753,male,26,blažej93@example.com,https://uinames.com/api/photos/male/14.jpg,Slovakia
Guillaume,Colin,Colin88*{,Guillaume225,male,31,guillaume_88@example.com,https://uinames.com/api/photos/male/16.jpg,France
Emanuel,Grozescu,Grozescu96&!,Emanuel703,male,23,emanuel_96@example.com,https://uinames.com/api/photos/male/18.jpg,Romania
Benjamin,Sanchez,Sanchez90%(,Benjamin460,male,29,benjamin_90@example.com,https://uinames.com/api/photos/male/2.jpg,France
Zlatko,Capko,Capko89^&,Zlatko334,male,30,zlatko-capko@example.com,https://uinames.com/api/photos/male/18.jpg,Slovakia
Kornel,Kollár,Kollár97~),Kornel347,male,22,kornel-97@example.com,https://uinames.com/api/photos/male/9.jpg,Slovakia
Μένων,Ρόκας,Ρόκας87#^,Μένων798,male,32,Μένων-87@example.com,https://uinames.com/api/photos/male/17.jpg,Greece
Mohammad,Kennedy,Kennedy89*),Mohammad767,male,30,mohammad_89@example.com,https://uinames.com/api/photos/male/15.jpg,England
Sergio,Guerrero,Guerrero88%#,Sergio774,male,31,sergio_88@example.com,https://uinames.com/api/photos/male/1.jpg,Spain
Константин,КРЪСТЕВ,КРЪСТЕВ91=^,Константин976,male,28,Константин_91@example.com,https://uinames.com/api/photos/male/14.jpg,Bulgaria
Gilberto,Cárdenas,Cárdenas93(,Gilberto468,male,26,gilberto-93@example.com,https://uinames.com/api/photos/male/1.jpg,Mexico
Billy,Phillips,Phillips87!#,Billy725,male,32,billy-87@example.com,https://uinames.com/api/photos/male/17.jpg,United States
Λεωνίδας,Ζέρβας,Ζέρβας84~~,Λεωνίδας820,male,35,Λεωνίδας_84@example.com,https://uinames.com/api/photos/male/19.jpg,Greece
Ioan,Meleșcanu,Meleșcanu88{=,Ioan411,male,31,ioan88@example.com,https://uinames.com/api/photos/male/16.jpg,Romania
Ησύχιος,Πολίτης,Πολίτης95%&,Ησύχιος756,male,24,Ησύχιος95@example.com,https://uinames.com/api/photos/male/11.jpg,Greece
Horia,Mureșan,Mureșan85%{,Horia118,male,34,horia_85@example.com,https://uinames.com/api/photos/male/1.jpg,Romania
عرفان,جلیلی,جلیلی95#*,عرفان890,male,24,عرفان-95@example.com,https://uinames.com/api/photos/male/3.jpg,Iran
İshak,Aşıcı,Aşıcı89#_,İshak653,male,30,İshak89@example.com,https://uinames.com/api/photos/male/4.jpg,Turkey
Eldar,Yaqublu,Yaqublu88&,Eldar955,male,31,eldar_88@example.com,https://uinames.com/api/photos/male/11.jpg,Azerbaijan
Lică,Parghel,Parghel96~%,Lică975,male,23,lică_96@example.com,https://uinames.com/api/photos/male/15.jpg,Romania
Bajro,Nadarević,Nadarević86%~,Bajro173,male,33,bajro_86@example.com,https://uinames.com/api/photos/male/1.jpg,Bosnia and Herzegovina
Victor,Kramer,Kramer97*#,Victor956,male,22,victor_97@example.com,https://uinames.com/api/photos/male/20.jpg,Netherlands
Lâm,Thiệu,Thiệu88!,Lâm454,male,31,lâmthiệu@example.com,https://uinames.com/api/photos/male/6.jpg,Vietnam
Chris de,Graaf,Graaf87+@,Chris de347,male,32,chris de-87@example.com,https://uinames.com/api/photos/male/8.jpg,Netherlands
Marin,Hodoș,Hodoș97{,Marin632,male,22,marin_hodoș@example.com,https://uinames.com/api/photos/male/3.jpg,Romania
Ernest,Holuby,Holuby94!{,Ernest683,male,25,ernest94@example.com,https://uinames.com/api/photos/male/1.jpg,Slovakia
Eduard,Štrba,Štrba96%&,Eduard813,male,23,eduard_96@example.com,https://uinames.com/api/photos/male/1.jpg,Slovakia
Hendrik,Lõhmus,Lõhmus96_),Hendrik144,male,23,hendrik-96@example.com,https://uinames.com/api/photos/male/1.jpg,Estonia
Antonie,Brediceanu,Brediceanu94+,Antonie926,male,25,antonie94@example.com,https://uinames.com/api/photos/male/2.jpg,Romania
Chiêm,Quyết,Quyết90%,Chiêm767,male,29,chiêm90@example.com,https://uinames.com/api/photos/male/18.jpg,Vietnam
Bogdan,Cardaș,Cardaș94!{,Bogdan606,male,25,bogdan94@example.com,https://uinames.com/api/photos/male/3.jpg,Romania
Λέων,Παπαστεφάνου,Παπαστεφάνου97*{,Λέων371,male,22,Λέων97@example.com,https://uinames.com/api/photos/male/4.jpg,Greece
Erik,Vanek,Vanek92*#,Erik617,male,27,erik_vanek@example.com,https://uinames.com/api/photos/male/10.jpg,Slovakia
Jacob,Fox,Fox89~*,Jacob311,male,30,jacob.fox@example.com,https://uinames.com/api/photos/male/18.jpg,England
Gustavo de la,Rosa,Rosa89&),Gustavo de la580,male,30,gustavo de la_89@example.com,https://uinames.com/api/photos/male/2.jpg,Mexico
Georgian,Cozma,Cozma94!+,Georgian325,male,25,georgian-94@example.com,https://uinames.com/api/photos/male/4.jpg,Romania
Maximilián,Adam,Adam98_^,Maximilián813,male,21,maximilián-98@example.com,https://uinames.com/api/photos/male/19.jpg,Slovakia
Bebe,Demetrescu,Demetrescu86+,Bebe582,male,33,bebe_86@example.com,https://uinames.com/api/photos/male/7.jpg,Romania
Гена,Гаврилов,Гаврилов88_+,Гена768,male,31,Гена-88@example.com,https://uinames.com/api/photos/male/19.jpg,Russia
Edmond,Fugaru,Fugaru98*~,Edmond613,male,21,edmond-98@example.com,https://uinames.com/api/photos/male/20.jpg,Romania
Alexander,Stone,Stone94$(,Alexander876,male,25,alexander94@example.com,https://uinames.com/api/photos/male/1.jpg,United States
Martín,Guzmán,Guzmán89&*,Martín989,male,30,martín89@example.com,https://uinames.com/api/photos/male/17.jpg,Mexico
Ľudovít,Puškár,Puškár90_,Ľudovít991,male,29,Ľudovít-90@example.com,https://uinames.com/api/photos/male/20.jpg,Slovakia
Δαμάγητος,Καραβίας,Καραβίας86(%,Δαμάγητος928,male,33,Δαμάγητος-86@example.com,https://uinames.com/api/photos/male/4.jpg,Greece
Ηλίας,Λούπης,Λούπης87%*,Ηλίας177,male,32,Ηλίας-87@example.com,https://uinames.com/api/photos/male/7.jpg,Greece
Emanuel,Prelipceanu,Prelipceanu91%$,Emanuel518,male,28,emanuel91@example.com,https://uinames.com/api/photos/male/19.jpg,Romania
Rohit,Sedhai,Sedhai84(!,Rohit905,male,35,rohit_sedhai@example.com,https://uinames.com/api/photos/male/8.jpg,Nepal
毛,博,博91&&,毛870,male,28,毛-博@example.com,https://uinames.com/api/photos/male/13.jpg,China
Eftimie,Lepădatu,Lepădatu98*,Eftimie798,male,21,eftimie98@example.com,https://uinames.com/api/photos/male/2.jpg,Romania
Ryan,Harris,Harris89**,Ryan351,male,30,ryanharris@example.com,https://uinames.com/api/photos/male/4.jpg,United States
Sandu,Tatomirescu,Tatomirescu97*#,Sandu455,male,22,sandu97@example.com,https://uinames.com/api/photos/male/16.jpg,Romania
Edmond,Pârvulescu,Pârvulescu87=(,Edmond370,male,32,edmond-87@example.com,https://uinames.com/api/photos/male/8.jpg,Romania
Cem,Tekin,Tekin95!,Cem831,male,24,cem_tekin@example.com,https://uinames.com/api/photos/male/18.jpg,Turkey
Εύβουλος,Γαλάνης,Γαλάνης94(%,Εύβουλος142,male,25,Εύβουλος_94@example.com,https://uinames.com/api/photos/male/15.jpg,Greece
Harry,Halliday,Halliday91%@,Harry247,male,28,harry91@example.com,https://uinames.com/api/photos/male/6.jpg,New Zealand
Ramazan,Bahçel,Bahçel94#},Ramazan563,male,25,ramazan_94@example.com,https://uinames.com/api/photos/male/2.jpg,Turkey
Vendelín,Mečiar,Mečiar96%_,Vendelín704,male,23,vendelín_96@example.com,https://uinames.com/api/photos/male/9.jpg,Slovakia
Emilian,Todea,Todea88(},Emilian494,male,31,emilian-88@example.com,https://uinames.com/api/photos/male/1.jpg,Romania
Adrian,Lăzăreanu,Lăzăreanu97{{,Adrian705,male,22,adrian-97@example.com,https://uinames.com/api/photos/male/13.jpg,Romania
David,Cardaș,Cardaș87~^,David730,male,32,david87@example.com,https://uinames.com/api/photos/male/15.jpg,Romania
Metod,Kližan,Kližan87*=,Metod317,male,32,metod87@example.com,https://uinames.com/api/photos/male/16.jpg,Slovakia
Ashim,Oli,Oli85++,Ashim778,male,34,ashimoli@example.com,https://uinames.com/api/photos/male/4.jpg,Nepal
Δίας,Κωνσταντίνου,Κωνσταντίνου95!),Δίας895,male,24,Δίας_95@example.com,https://uinames.com/api/photos/male/10.jpg,Greece
Μελέαγρος,Αλεξιάδης,Αλεξιάδης85}*,Μελέαγρος915,male,34,Μελέαγρος_85@example.com,https://uinames.com/api/photos/male/4.jpg,Greece
Otávio,Cavalcante,Cavalcante90@^,Otávio849,male,29,otávio90@example.com,https://uinames.com/api/photos/male/4.jpg,Brazil
Λουκάς,Κοντόσταυλος,Κοντόσταυλος94)@,Λουκάς754,male,25,Λουκάς-94@example.com,https://uinames.com/api/photos/male/9.jpg,Greece
Cyril,Beckers,Beckers87+,Cyril967,male,32,cyril87@example.com,https://uinames.com/api/photos/male/11.jpg,Belgium
Sjors,Vermeulen,Vermeulen95#=,Sjors406,male,24,sjors95@example.com,https://uinames.com/api/photos/male/10.jpg,Netherlands
გურამ,მელაძე,მელაძე94*+,გურამ657,male,25,გურამ-94@example.com,https://uinames.com/api/photos/male/4.jpg,Georgia
Sava,Fulea,Fulea86^@,Sava226,male,33,sava-fulea@example.com,https://uinames.com/api/photos/male/6.jpg,Romania
Carol,Herescu,Herescu93*@,Carol166,male,26,carol93@example.com,https://uinames.com/api/photos/male/20.jpg,Romania
Ιππίας,Γερμανού,Γερμανού86=*,Ιππίας174,male,33,Ιππίας-86@example.com,https://uinames.com/api/photos/male/16.jpg,Greece
Rigoberto,Saucedo,Saucedo92)^,Rigoberto180,male,27,rigoberto92@example.com,https://uinames.com/api/photos/male/15.jpg,Mexico
Romain,Chevalier,Chevalier92__,Romain810,male,27,romain-92@example.com,https://uinames.com/api/photos/male/7.jpg,France
Διονύσιος,Τρικούπη,Τρικούπη93_),Διονύσιος229,male,26,Διονύσιος93@example.com,https://uinames.com/api/photos/male/11.jpg,Greece
Austin,Mitchell,Mitchell85&},Austin859,male,34,austin_85@example.com,https://uinames.com/api/photos/male/11.jpg,United States
Tichomír,Cesnak,Cesnak96%(,Tichomír856,male,23,tichomír96@example.com,https://uinames.com/api/photos/male/7.jpg,Slovakia
Christian,Butler,Butler98^~,Christian197,male,21,christian_98@example.com,https://uinames.com/api/photos/male/13.jpg,New Zealand
Emirlan,Erkinov,Erkinov85+},Emirlan428,male,34,emirlan-85@example.com,https://uinames.com/api/photos/male/19.jpg,Kyrgyz Republic
Joel,Joss,Joss97~^,Joel227,male,22,joeljoss@example.com,https://uinames.com/api/photos/male/11.jpg,New Zealand
İsmail,Tosun,Tosun84%=,İsmail851,male,35,İsmail_84@example.com,https://uinames.com/api/photos/male/13.jpg,Turkey
Zsigmond,Artúr,Artúr97{*,Zsigmond813,male,22,zsigmond97@example.com,https://uinames.com/api/photos/male/6.jpg,Hungary
Bartolomej,Murgaš,Murgaš95_},Bartolomej791,male,24,bartolomej_95@example.com,https://uinames.com/api/photos/male/6.jpg,Slovakia
Visarion,Burtea,Burtea92#,Visarion866,male,27,visarion92@example.com,https://uinames.com/api/photos/male/12.jpg,Romania
Roland,Schmid,Schmid97_!,Roland334,male,22,roland_97@example.com,https://uinames.com/api/photos/male/15.jpg,Switzerland
Alejandro,Vásquez,Vásquez90@~,Alejandro397,male,29,alejandro-90@example.com,https://uinames.com/api/photos/male/19.jpg,Mexico
Nelu,Miculescu,Miculescu93~,Nelu468,male,26,nelu_93@example.com,https://uinames.com/api/photos/male/9.jpg,Romania
Gopal,Upreti,Upreti93&!,Gopal791,male,26,gopal-upreti@example.com,https://uinames.com/api/photos/male/9.jpg,Nepal
Ferdinand,Menšík,Menšík95&~,Ferdinand688,male,24,ferdinand_95@example.com,https://uinames.com/api/photos/male/17.jpg,Slovakia
Suman,Kayastha,Kayastha95_+,Suman562,male,24,suman95@example.com,https://uinames.com/api/photos/male/2.jpg,Nepal
Relu,Bădescu,Bădescu95$+,Relu621,male,24,relu95@example.com,https://uinames.com/api/photos/male/13.jpg,Romania
Αχαιός,Γερμανού,Γερμανού86~~,Αχαιός767,male,33,Αχαιός-86@example.com,https://uinames.com/api/photos/male/11.jpg,Greece
Denis,Mușat,Mușat94!*,Denis713,male,25,denis.mușat@example.com,https://uinames.com/api/photos/male/3.jpg,Romania
Erik,Moen,Moen85!%,Erik934,male,34,erik.moen@example.com,https://uinames.com/api/photos/male/14.jpg,Norway
Εύρυτος,Βούλγαρης,Βούλγαρης89_#,Εύρυτος614,male,30,Εύρυτος-89@example.com,https://uinames.com/api/photos/male/5.jpg,Greece
Hernando,Jaramillo,Jaramillo97@&,Hernando591,male,22,hernando_97@example.com,https://uinames.com/api/photos/male/14.jpg,Colombia
Jarolím,Masný,Masný96*^,Jarolím516,male,23,jarolím-96@example.com,https://uinames.com/api/photos/male/12.jpg,Slovakia
Fiodor,Fiscuteanu,Fiscuteanu85%$,Fiodor421,male,34,fiodor_85@example.com,https://uinames.com/api/photos/male/9.jpg,Romania
Bartolomej,Michálech,Michálech85{$,Bartolomej238,male,34,bartolomej-85@example.com,https://uinames.com/api/photos/male/11.jpg,Slovakia
Λαοδάμας,Γούσιος,Γούσιος92{*,Λαοδάμας352,male,27,Λαοδάμας92@example.com,https://uinames.com/api/photos/male/4.jpg,Greece
Κτησιφών,Δοξαράς,Δοξαράς98~*,Κτησιφών224,male,21,Κτησιφών_98@example.com,https://uinames.com/api/photos/male/19.jpg,Greece
Pavol,Moravec,Moravec98+%,Pavol730,male,21,pavol98@example.com,https://uinames.com/api/photos/male/6.jpg,Slovakia
Romain,Breton,Breton97}_,Romain458,male,22,romain-97@example.com,https://uinames.com/api/photos/male/7.jpg,France
Ionel,Albu,Albu86#{,Ionel846,male,33,ionel.albu@example.com,https://uinames.com/api/photos/male/19.jpg,Romania
Toma,Fulga,Fulga90~,Toma197,male,29,tomafulga@example.com,https://uinames.com/api/photos/male/13.jpg,Romania
Corneliu,Rusca,Rusca94{!,Corneliu811,male,25,corneliu-94@example.com,https://uinames.com/api/photos/male/16.jpg,Romania
Trần,Lai,Lai87}(,Trần981,male,32,trần.lai@example.com,https://uinames.com/api/photos/male/17.jpg,Vietnam
آرین,مجتهدی,مجتهدی84(*,آرین545,male,35,آرین_84@example.com,https://uinames.com/api/photos/male/1.jpg,Iran
Raymundo,Segura,Segura90&#,Raymundo427,male,29,raymundo90@example.com,https://uinames.com/api/photos/male/14.jpg,Mexico
Liviu,Manea,Manea85{&,Liviu461,male,34,liviu.manea@example.com,https://uinames.com/api/photos/male/17.jpg,Romania
Marco,Winkler,Winkler89(~,Marco204,male,30,marco-89@example.com,https://uinames.com/api/photos/male/6.jpg,Austria
Ruben De,Ridder,Ridder89$=,Ruben De673,male,30,ruben de89@example.com,https://uinames.com/api/photos/male/16.jpg,Belgium
Vincent,Bartovič,Bartovič88(=,Vincent209,male,31,vincent-88@example.com,https://uinames.com/api/photos/male/19.jpg,Slovakia
Διογένης,Μητσοτάκης,Μητσοτάκης85&^,Διογένης541,male,34,Διογένης85@example.com,https://uinames.com/api/photos/male/10.jpg,Greece
Bishal,Rumba,Rumba95!^,Bishal784,male,24,bishal.rumba@example.com,https://uinames.com/api/photos/male/6.jpg,Nepal
Marek,Šimka,Šimka97&,Marek992,male,22,marek_Šimka@example.com,https://uinames.com/api/photos/male/6.jpg,Slovakia
Marko,Kovačič,Kovačič95^},Marko586,male,24,marko_95@example.com,https://uinames.com/api/photos/male/11.jpg,Slovenia
Mohit,Shankar,Shankar85#,Mohit522,male,34,mohit85@example.com,https://uinames.com/api/photos/male/10.jpg,Nepal
Δημοφών,Χατζηιωάννου,Χατζηιωάννου90+@,Δημοφών370,male,29,Δημοφών_90@example.com,https://uinames.com/api/photos/male/20.jpg,Greece
Ερμής,Διαμαντόπουλος,Διαμαντόπουλος92^^,Ερμής496,male,27,Ερμής-92@example.com,https://uinames.com/api/photos/male/12.jpg,Greece
Gheorghiță,Tăriceanu,Tăriceanu98*^,Gheorghiță779,male,21,gheorghiță_98@example.com,https://uinames.com/api/photos/male/20.jpg,Romania
Μάξιμος,Βιτάλη,Βιτάλη90%=,Μάξιμος803,male,29,Μάξιμος-90@example.com,https://uinames.com/api/photos/male/18.jpg,Greece
Ioan,Finiti,Finiti98_{,Ioan632,male,21,ioanfiniti@example.com,https://uinames.com/api/photos/male/4.jpg,Romania
Nicoară,Butnariu,Butnariu85~+,Nicoară305,male,34,nicoară-85@example.com,https://uinames.com/api/photos/male/9.jpg,Romania
Frederic,Cernea,Cernea86^%,Frederic364,male,33,frederic_86@example.com,https://uinames.com/api/photos/male/2.jpg,Romania
Rhys,Saunders,Saunders97$$,Rhys109,male,22,rhys97@example.com,https://uinames.com/api/photos/male/10.jpg,England
Lazăr,Neagu,Neagu95$},Lazăr278,male,24,lazăr.neagu@example.com,https://uinames.com/api/photos/male/3.jpg,Romania
Iancu,Petrașcu,Petrașcu93${,Iancu749,male,26,iancu93@example.com,https://uinames.com/api/photos/male/5.jpg,Romania
Alfréd,Vicena,Vicena95%,Alfréd414,male,24,alfréd-95@example.com,https://uinames.com/api/photos/male/13.jpg,Slovakia
Lucențiu,Udrea,Udrea97#+,Lucențiu756,male,22,lucențiu-97@example.com,https://uinames.com/api/photos/male/17.jpg,Romania
Erwan,Carpentier,Carpentier93**,Erwan531,male,26,erwan93@example.com,https://uinames.com/api/photos/male/13.jpg,France
علیرضا,ظفری,ظفری90#%,علیرضا789,male,29,علیرضا90@example.com,https://uinames.com/api/photos/male/3.jpg,Iran
Edmond,Lăcătuș,Lăcătuș93%@,Edmond429,male,26,edmond-93@example.com,https://uinames.com/api/photos/male/15.jpg,Romania
Joel,Galván,Galván94*#,Joel345,male,25,joelgalván@example.com,https://uinames.com/api/photos/male/9.jpg,Mexico
Jose,Jordan,Jordan94$),Jose218,male,25,jose_jordan@example.com,https://uinames.com/api/photos/male/5.jpg,United States
Θεαγένης,Ράγκος,Ράγκος94_%,Θεαγένης304,male,25,Θεαγένης_94@example.com,https://uinames.com/api/photos/male/12.jpg,Greece
Kazimír,Puška,Puška87#(,Kazimír688,male,32,kazimír87@example.com,https://uinames.com/api/photos/male/16.jpg,Slovakia
Cody,Stewart,Stewart98)&,Cody363,male,21,cody-stewart@example.com,https://uinames.com/api/photos/male/1.jpg,New Zealand
Ashton,Levy,Levy89&=,Ashton145,male,30,ashton_levy@example.com,https://uinames.com/api/photos/male/1.jpg,New Zealand
Marcel,Murin,Murin88!*,Marcel185,male,31,marcelmurin@example.com,https://uinames.com/api/photos/male/2.jpg,Slovakia
Arian,Simu,Simu91*@,Arian301,male,28,arian_simu@example.com,https://uinames.com/api/photos/male/8.jpg,Romania
Maroš,Valent,Valent94$=,Maroš454,male,25,maroš94@example.com,https://uinames.com/api/photos/male/15.jpg,Slovakia
Mitică,Macri,Macri83+(,Mitică131,male,36,mitică_83@example.com,https://uinames.com/api/photos/male/2.jpg,Romania
Mathieu,Baert,Baert85(_,Mathieu299,male,34,mathieu_85@example.com,https://uinames.com/api/photos/male/1.jpg,Belgium
Elias,Beck,Beck97^_,Elias882,male,22,elias.beck@example.com,https://uinames.com/api/photos/male/15.jpg,Germany
Mohan,Taksari,Taksari97&{,Mohan764,male,22,mohan-97@example.com,https://uinames.com/api/photos/male/6.jpg,Nepal
Gustavo,Gil,Gil86%~,Gustavo444,male,33,gustavo-gil@example.com,https://uinames.com/api/photos/male/8.jpg,Mexico
Andrei,Dănescu,Dănescu86~,Andrei516,male,33,andrei-86@example.com,https://uinames.com/api/photos/male/1.jpg,Romania
Alfonso,Balderas,Balderas84=),Alfonso125,male,35,alfonso84@example.com,https://uinames.com/api/photos/male/5.jpg,Mexico
Bhojraj,Adhikari,Adhikari91*^,Bhojraj136,male,28,bhojraj91@example.com,https://uinames.com/api/photos/male/1.jpg,Nepal
Marcu,Lucaciu,Lucaciu84=_,Marcu772,male,35,marcu-84@example.com,https://uinames.com/api/photos/male/11.jpg,Romania
Mojmír,Martinček,Martinček91@_,Mojmír939,male,28,mojmír91@example.com,https://uinames.com/api/photos/male/17.jpg,Slovakia
Codin,Urziceanu,Urziceanu84+_,Codin399,male,35,codin-84@example.com,https://uinames.com/api/photos/male/16.jpg,Romania
Armin,Kovač,Kovač86(),Armin220,male,33,armin_kovač@example.com,https://uinames.com/api/photos/male/13.jpg,Bosnia and Herzegovina
Toma,Bordea,Bordea85%(,Toma954,male,34,toma-bordea@example.com,https://uinames.com/api/photos/male/2.jpg,Romania
Oliviu,Datcu,Datcu98}),Oliviu825,male,21,oliviu.datcu@example.com,https://uinames.com/api/photos/male/13.jpg,Romania
Majzik,Bendegúz,Bendegúz86_*,Majzik387,male,33,majzik-86@example.com,https://uinames.com/api/photos/male/8.jpg,Hungary
Антон,Ушаков,Ушаков95),Антон889,male,24,Антон-95@example.com,https://uinames.com/api/photos/male/5.jpg,Russia
Stian,Bakke,Bakke95(^,Stian819,male,24,stian_bakke@example.com,https://uinames.com/api/photos/male/7.jpg,Norway
,Víctor Hugo Escobar,VíctorHugoEscobar92^@,268,male,27,92@example.com,https://uinames.com/api/photos/male/4.jpg,Mexico
Валерий,Юрченко,Юрченко95*,Валерий242,male,24,Валерий_95@example.com,https://uinames.com/api/photos/male/19.jpg,Russia
Justin,McDermott,McDermott87{(,Justin901,male,32,justin-87@example.com,https://uinames.com/api/photos/male/12.jpg,New Zealand
Ευτρόπιος,Ρόκας,Ρόκας92&(,Ευτρόπιος416,male,27,Ευτρόπιος-92@example.com,https://uinames.com/api/photos/male/4.jpg,Greece
Armin,Kusturica,Kusturica86&+,Armin529,male,33,armin_86@example.com,https://uinames.com/api/photos/male/13.jpg,Bosnia and Herzegovina
Stan,Brâncoveanu,Brâncoveanu97&_,Stan428,male,22,stan_97@example.com,https://uinames.com/api/photos/male/16.jpg,Romania
Dacian,Paleru,Paleru88},Dacian823,male,31,dacian88@example.com,https://uinames.com/api/photos/male/3.jpg,Romania
Λεωτυχίδας,Βασιλικός,Βασιλικός96%!,Λεωτυχίδας293,male,23,Λεωτυχίδας-96@example.com,https://uinames.com/api/photos/male/3.jpg,Greece
